date,industrial_production_japan,exchange_rate_japan,reserves_japan,cpi_japan,reserves_usa,cpi_usa,nominal_ex_rate_growth_japan,real_exchange_rate_japan,real_ex_rate_growth_japan,real_exchange_rate_index,inflation_rate_japan,ind_prod_growth_japan,ind_prod_growth_12m_japan,reserves_index_japan,inflation_rate_usa,reserves_index_usa,outlier_flag
1959-12-01,12.14,360.0,1446.26,18.52,21504.5,13.48,,262.0302375809935,,3.06776353893313,,,,99.5155852198445,,100.12291590038225,Normal
1960-01-01,11.23,360.0,1453.3,18.75,21478.1,13.44,0.0,258.048,-1.5197626112759655,3.021140815666068,1.2419006479481576,-7.49588138385503,,100.0,-0.29673590504452063,100.0,Normal
1960-02-01,12.64,360.0,1446.33,18.77,21395.7,13.48,0.0,258.5402237613213,0.19074891544257344,3.0269036090059442,0.10666666666665492,12.555654496883339,,99.52040184407899,0.29761904761904656,99.61635340183723,Normal
1960-03-01,13.63,360.0,1486.37,18.71,21344.7,13.48,0.0,259.3693212185997,0.3206841261357507,3.0366104083934564,-0.3196590303676028,7.832278481012667,,102.27551090621346,0.0,99.37890223064426,Normal
1960-04-01,12.72,360.0,1510.4,18.83,21278.0,13.53,0.0,258.67233138608606,-0.26872485505955446,3.028450281474778,0.6413682522715014,-6.676449009537788,,103.92898919699994,0.37091988130562026,99.06835334596636,Normal
1960-05-01,12.8,360.0,1544.47,19.0,21234.3,13.53,0.0,256.3578947368421,-0.8947368421052593,3.0013536210615825,0.9028146574615148,0.6289308176100628,,106.2733090208491,0.0,98.8648902835912,Normal
1960-06-01,12.8,360.0,1576.0,18.92,21169.8,13.57,0.0,258.2029598308668,0.7197223615518666,3.0229550342216096,-0.42105263157893313,0.0,,108.44285419390354,0.2956393200295615,98.56458439061183,Normal
1960-07-01,12.97,360.0,1629.54,18.9,20999.4,13.57,0.0,258.4761904761905,0.10582010582012025,3.0261539284377172,-0.10570824524314126,1.3281249999999911,,112.12688364412028,0.0,97.77121812450822,Normal
1960-08-01,12.8,360.0,1693.96,19.05,20803.4,13.57,0.0,256.4409448818897,-0.7874015748031704,3.0023259447492308,0.793650793650813,-1.3107170393215073,,116.55955411821373,0.0,96.85866068227638,Normal
1960-09-01,13.38,360.0,1782.99,19.21,20430.0,13.57,0.0,254.30504945340965,-0.8328995314940135,2.9773195860214914,0.8398950131233596,4.531250000000009,,122.68561205532238,0.0,95.12014563671833,Normal
1960-10-01,13.63,360.0,1842.03,19.3,20068.2,13.67,0.0,254.9844559585492,0.2671620192362889,2.9852738531466234,0.4685059864653729,1.86846038863977,,126.74809055253561,0.736919675755332,93.43563909284342,Normal
1960-11-01,13.96,360.0,1885.06,19.04,19558.2,13.67,0.0,258.46638655462186,1.3655462184874123,3.0260391473597608,-1.3471502590673645,2.421129860601612,,129.7089382784009,0.0,91.06112738091359,Normal
1960-12-01,14.54,360.0,1949.13,19.19,19358.8,13.67,0.0,256.4460656591975,-0.7816571130797478,3.0023858971198454,0.7878151260504396,4.154727793696256,19.76935749588138,134.11752563132183,0.0,90.1327398606022,Normal
1961-01-01,13.63,360.0,2010.17,19.45,19056.2,13.67,0.0,253.01799485861181,-1.3367609254498647,2.96225117561593,1.354872329338197,-6.258596973865194,21.371326803205704,138.31762196380652,0.0,88.72386291152384,Normal
1961-02-01,14.7,360.0,2062.2,19.55,18978.0,13.67,0.0,251.7237851662404,-0.5115089514066584,2.9470989956895055,0.5141388174807249,7.850330154071883,16.29746835443038,141.8977499483933,0.0,88.3597711156946,Normal
1961-03-01,16.27,360.0,2122.24,19.51,18988.2,13.67,0.0,252.2398769861609,0.2050230650948226,2.953141228381847,-0.2046035805626567,10.680272108843546,19.369038884812895,146.02903736324225,0.0,88.4072613499332,Normal
1961-04-01,14.95,360.0,2160.31,19.7,19165.1,13.67,0.0,249.80710659898477,-0.9644670050761306,2.924659155620804,0.9738595592003962,-8.113091579594345,17.531446540880502,148.64859285763436,0.0,89.23089100060061,Normal
1961-05-01,15.28,360.0,2091.34,19.61,19196.9,13.67,0.0,250.9535951045385,0.45894951555327523,2.9380818646471107,-0.4568527918781706,2.2073578595317667,19.374999999999986,143.90284180829838,0.0,89.37894878969742,Normal
1961-06-01,15.61,360.0,2037.41,19.61,19307.9,13.67,0.0,250.9535951045385,0.0,2.9380818646471107,0.0,2.159685863874339,21.953124999999996,140.1919768802037,0.0,89.89575427994097,Normal
1961-07-01,15.78,360.0,1962.45,19.93,19234.6,13.76,0.0,248.54992473657805,-0.957814677633595,2.9099404853066297,1.6318204997450403,1.0890454836643082,21.665381649961436,135.03406041422969,0.6583760058522348,89.55447642016752,Normal
1961-08-01,15.61,360.0,1876.0,20.08,19641.5,13.71,0.0,245.79681274900403,-1.107669612248674,2.8777079588163668,0.7526342197691882,-1.0773130544993625,21.953124999999996,129.08552948462122,-0.3633720930232509,91.44896429386212,Normal
1961-09-01,15.94,360.0,1790.54,20.19,19520.9,13.76,0.0,245.34918276374444,-0.18211382818730248,2.8724672546885155,0.5478087649402497,2.1140294682895577,19.13303437967113,123.2051193834721,0.3646973012399579,90.88746211257049,Normal
1961-10-01,16.36,360.0,1686.53,20.63,19171.9,13.76,0.0,240.11633543383425,-2.132816286960726,2.811202805242905,2.1792966815255,2.634880803011286,20.029347028613344,116.04830386018028,0.0,89.26255115675968,Normal
1961-11-01,16.36,360.0,1668.57,20.72,18827.9,13.76,0.0,239.07335907335911,-0.4343629343629307,2.798991982247159,0.43625787687833206,0.0,17.191977077363884,114.81249569944265,0.0,87.66091972753644,Normal
1961-12-01,17.18,360.0,1665.89,20.91,18752.9,13.76,0.0,236.9010043041607,-0.9086561453850006,2.773558769591637,0.9169884169884179,5.012224938875298,18.15680880330124,114.62808780017892,0.0,87.31172682872322,Normal
1962-01-01,16.03,360.0,1689.93,21.05,18649.8,13.76,0.0,235.32541567695964,-0.6650831353919195,2.7551122979648994,0.6695361071257899,-6.69383003492432,17.60821716801173,116.28225418014175,0.0,86.831702990488,Normal
1962-02-01,17.02,360.0,1694.0,20.97,18512.0,13.8,0.0,236.9098712446352,0.6733040556276437,2.773662580804193,-0.38004750593825243,6.175920149719261,15.782312925170071,116.56230647491917,0.29069767441860517,86.19011923773519,Normal
1962-03-01,18.67,360.0,1741.42,21.01,18328.7,13.8,0.0,236.45882912898617,-0.19038553069968822,2.76838192857991,0.19074868860278205,9.69447708578144,14.751075599262453,119.82522534920525,0.0,85.3366917930357,Normal
1962-04-01,17.02,360.0,1738.49,21.24,18192.4,13.85,0.0,234.74576271186442,-0.724467097901127,2.748325912363108,1.0947168015230657,-8.83770755222283,13.846153846153841,119.62361522053257,0.36231884057971175,84.70209189825917,Normal
1962-05-01,17.18,360.0,1765.52,21.35,18124.5,13.85,0.0,233.53629976580794,-0.5152224824356066,2.7341659193720096,0.5178907721280712,0.9400705052879044,12.434554973822,121.48352026422624,0.0,84.38595592720027,Normal
1962-06-01,17.02,360.0,1802.56,21.28,18490.3,13.85,0.0,234.30451127819546,0.328947368421062,2.743159886212049,-0.3278688524590123,-0.93131548311991,9.032671364509937,124.0322025734535,0.0,86.08908609234523,Normal
1962-07-01,16.6,360.0,1815.5,21.48,17784.5,13.9,0.0,232.9608938547486,-0.5734492332721497,2.727429256877137,0.9398496240601517,-2.467685076380721,5.196451204055785,124.92258996765982,0.3610108303249149,82.80294811924705,Normal
1962-08-01,16.36,360.0,1827.54,21.48,17638.6,13.9,0.0,232.9608938547486,0.0,2.727429256877137,0.0,-1.4457831325301318,4.804612427930821,125.75104933599394,0.0,82.12365153342242,Normal
1962-09-01,16.77,360.0,1900.61,21.41,17610.3,13.94,0.0,234.39514245679587,0.6156606709027734,2.7442209661384256,-0.32588454376164533,2.50611246943766,5.20702634880803,130.77891694763642,0.2877697841726645,81.9918894129369,Normal
1962-10-01,16.77,360.0,1984.64,21.58,17435.7,13.94,0.0,232.548656163114,-0.7877664504170379,2.7226029140418766,0.794021485287244,0.0,2.50611246943766,136.56093029656645,0.0,81.17896834449976,Normal
1962-11-01,16.69,360.0,1972.71,21.5,17286.2,13.94,0.0,233.41395348837207,0.37209302325580396,2.732733529535986,-0.3707136237256603,-0.4770423375074384,2.017114914425444,135.74003990917222,0.0,80.4829104995321,Normal
1962-12-01,17.18,360.0,2020.76,21.94,17220.4,13.94,0.0,228.7329079307201,-2.0054694621695623,2.677929393118673,2.0465116279069884,2.935889754343912,0.0,139.04630840156884,0.0,80.17655192963997,Normal
1963-01-01,16.03,360.0,2063.82,22.3,17177.9,13.94,0.0,225.0403587443946,-1.6143497757847403,2.634698245965188,1.6408386508659945,-6.69383003492432,0.0,142.0092203949632,0.0,79.97867595364582,Normal
1963-02-01,17.59,360.0,2035.85,22.4,17114.3,13.94,0.0,224.03571428571428,-0.44642857142856984,2.622936200224272,0.4484304932735439,9.731752963193996,3.34900117508814,140.08463496869194,0.0,79.6825603754522,Normal
1963-03-01,19.0,360.0,2042.89,22.5,17188.5,13.99,0.0,223.83999999999997,-0.08735852064404304,2.6206448419623194,0.44642857142858094,8.015918135304156,1.767541510444559,140.56904974884745,0.35868005738881603,80.02802855001141,Normal
1963-04-01,18.17,360.0,2057.92,22.6,17139.9,13.99,0.0,222.84955752212386,-0.4424778761061954,2.609049068325318,0.4444444444444473,-4.368421052631566,6.756756756756777,141.60324778091243,0.0,79.80175155158045,Normal
1963-05-01,18.34,360.0,2073.99,22.78,17113.6,13.99,0.0,221.0886742756804,-0.7901668129938422,2.588433228452686,0.7964601769911539,0.9356081452944309,6.752037252619325,142.7090070873185,0.0,79.67930124172995,Normal
1963-06-01,18.42,360.0,2082.03,22.96,17064.7,14.03,0.0,219.98257839721254,-0.5002951336569361,2.575483422972778,0.7901668129938422,0.4362050163577047,8.225616921269108,143.26223078510978,0.2859185132237263,79.45162747170374,Normal
1963-07-01,19.0,360.0,2063.06,22.8,16815.1,14.08,0.0,222.31578947368422,1.0606344799990008,2.602799888183486,-0.6968641114982632,3.148751357220414,14.457831325301186,141.95692561756005,0.3563791874554578,78.28951350445337,Normal
1963-08-01,18.67,360.0,2089.13,22.73,16773.9,14.08,0.0,223.00043994720633,0.30796304443465594,2.610815549959678,-0.30701754385965563,-1.7368421052631478,14.119804400978019,143.7507741003234,0.0,78.09769020537199,Normal
1963-09-01,19.49,360.0,2086.17,23.18,16838.0,14.08,0.0,218.67126833477136,-1.9413287316652261,2.560131037557527,1.979762428508569,4.392072844134964,16.219439475253417,143.54709970412168,0.0,78.39613373622434,Normal
1963-10-01,20.16,360.0,2102.2,23.11,16947.8,14.12,0.0,219.95672868887928,0.587850595963979,2.5751807831192677,-0.30198446937015344,3.4376603386351956,20.214669051878364,144.65010665382232,0.28409090909089496,78.90735214008689,Normal
1963-11-01,20.24,360.0,2091.27,23.01,16817.1,14.12,0.0,220.91264667535853,0.4345936549326357,2.5863723554057483,-0.4327131112072613,0.3968253968253954,21.270221689634482,143.89802518406384,0.0,78.2988253150884,Normal
1963-12-01,21.06,360.0,2058.35,23.11,16843.0,14.17,0.0,220.73561228905237,-0.080137732705865,2.584299695240795,0.4345936549326357,4.051383399209496,22.58440046565773,141.63283561549576,0.3541076487252104,78.41941326281189,Normal
1964-01-01,19.49,360.0,2035.41,23.13,16880.9,14.17,0.0,220.54474708171207,-0.08646779074794608,2.582065108388014,0.08654262224145892,-7.454890788224122,21.584529008109765,140.05435904493226,0.0,78.59587207434551,Normal
1964-02-01,21.31,360.0,1981.45,23.11,16770.5,14.17,0.0,220.73561228905237,0.08654262224145892,2.584299695240795,-0.08646779074794608,9.338122113904568,21.148379761227964,136.34142984930847,0.0,78.08186012729246,Normal
1964-03-01,22.63,360.0,1996.52,23.21,16894.0,14.17,0.0,219.78457561395948,-0.43084877208101613,2.5731652717369564,0.4327131112072724,6.194274988268411,19.105263157894736,137.37838023807888,0.0,78.65686443400489,Normal
1964-04-01,21.23,360.0,1974.55,23.49,16898.9,14.17,0.0,217.1647509578544,-1.1919965942954303,2.542493229332259,1.206376561826783,-6.186478126380901,16.840946615299934,135.86664831762195,0.0,78.67967837006069,Normal
1964-05-01,21.31,360.0,1930.01,23.59,16855.5,14.17,0.0,216.24417125900806,-0.4239084357778755,2.5317153860540382,0.42571306939123144,0.37682524729156786,16.194111232279162,132.80189912612676,0.0,78.47761207928076,Normal
1964-06-01,22.06,360.0,1937.08,23.54,16591.2,14.22,0.0,217.46813933729823,0.5660120553372838,2.546045200345933,-0.2119542178889433,3.5194744251525023,19.761129207383267,133.2883781738113,0.3528581510232831,77.24705630386302,Normal
1964-07-01,21.89,360.0,1915.14,23.41,16628.6,14.26,0.0,219.29090132422044,0.8381742688730487,2.5673854960891096,-0.5522514868309236,-0.7706255666364403,15.210526315789474,131.77871052088352,0.2812939521800173,77.42118716273787,Normal
1964-08-01,21.15,360.0,1927.23,23.66,16690.4,14.22,0.0,216.3651732882502,-1.3341766659276888,2.5331320378758773,1.0679196924391343,-3.3805390589310313,13.283342260310649,132.61061033509944,-0.28050490883589907,77.70892211135995,Normal
1964-09-01,22.63,360.0,1939.3,23.97,16521.0,14.26,0.0,214.16770963704633,-1.015627246200257,2.507404858716982,1.3102282333051551,6.997635933806157,16.11082606464853,133.44113397096265,0.2812939521800173,76.92021175057384,Normal
1964-10-01,22.63,360.0,1906.37,24.39,16385.5,14.26,0.0,210.479704797048,-1.7220172201722006,2.464226915270441,1.7521902377972465,0.0,12.251984126984116,131.17525631321817,0.0,76.28933658005131,Normal
1964-11-01,22.14,360.0,1924.4,24.19,17015.2,14.31,0.0,212.96403472509303,1.1803180408488823,2.493312630118832,-0.8200082000820008,-2.1652673442333126,9.387351778656129,132.41588109819034,0.3506311360448766,79.22116015848702,Normal
1964-12-01,23.54,360.0,2019.58,24.19,16672.4,14.31,0.0,212.96403472509303,0.0,2.493312630118832,0.0,6.323396567298989,11.775878442545107,138.9651138787587,0.0,77.62511581564479,Normal
1965-01-01,21.31,360.0,2047.61,24.72,16342.9,14.31,0.0,208.3980582524272,-2.1440129449838197,2.4398556845701678,2.1909880115750235,-9.473237043330506,9.338122113904568,140.89382784008808,0.0,76.09099501352541,Normal
1965-02-01,22.55,360.0,2070.8,24.67,15994.9,14.31,0.0,208.820429671666,0.20267531414672746,2.4448006697435973,-0.20226537216827545,5.818864382918831,5.818864382918831,142.48950664006057,0.0,74.47073996303212,Normal
1965-03-01,24.45,360.0,2074.38,24.82,15828.9,14.35,0.0,208.1385979049154,-0.32651583363881853,2.4368180084559765,0.6080259424402046,8.425720620842569,8.042421564295177,142.73584256519646,0.2795248078266921,73.69785968032554,Normal
1965-04-01,22.3,360.0,2039.91,25.35,15592.3,14.4,0.0,204.49704142011834,-1.7495825000515497,2.394183867021926,2.1353746978243437,-8.793456032719826,5.040037682524723,140.363999174293,0.34843205574912606,72.5962724822028,Normal
1965-05-01,21.81,360.0,2058.66,25.2,15420.0,14.4,0.0,205.71428571428572,0.5952380952380931,2.4084349614684855,-0.591715976331364,-2.1973094170403717,2.3463162834350015,141.65416637996285,0.0,71.79405999599592,Normal
1965-06-01,22.63,360.0,2025.73,25.15,15761.8,14.49,0.0,207.41153081510933,0.8250497017892489,2.428305746935869,-0.1984126984126977,3.7597432370472195,2.5838621940163176,139.3882887222184,0.6250000000000089,73.38544843352066,Normal
1965-07-01,22.55,360.0,1995.76,25.02,15565.6,14.49,0.0,208.4892086330935,0.5195843325339622,2.44092284314297,-0.5168986083498917,-0.3535130357931848,3.015075376884413,137.3260854606757,0.0,72.4719598102253,Normal
1965-08-01,21.73,360.0,2009.56,25.15,15850.4,14.49,0.0,207.41153081510933,-0.5168986083499028,2.428305746935869,0.5195843325339622,-3.6363636363636376,2.7423167848699803,138.27564852404873,0.0,73.797961644652,Normal
1965-09-01,22.8,360.0,2015.13,25.5,15721.2,14.49,0.0,204.56470588235294,-1.3725490196078383,2.3949760602132204,1.3916500994035852,4.924068108605617,0.75121520106054,138.65891419527972,0.0,73.19641867762978,Normal
1965-10-01,22.88,360.0,2044.2,25.83,15639.4,14.54,0.0,202.64808362369337,-0.9369271450774264,2.3725368793869768,1.2941176470588234,0.35087719298245723,1.1047282368537248,140.65918943095025,0.3450655624568588,72.8155656226575,Normal
1965-11-01,23.05,360.0,2131.41,25.58,15547.9,14.54,0.0,204.62861610633308,0.9773260359656089,2.3957243000221116,-0.9678668215253539,0.7430069930070005,4.110207768744356,146.66001513796186,0.0,72.38955028610539,Normal
1965-12-01,23.79,360.0,2152.48,25.76,15450.0,14.58,0.0,203.75776397515529,-0.42557690500397705,2.385528650693649,0.703674745895233,3.210412147505415,1.062022090059478,148.10981903254662,0.27510316368639653,71.93373715552121,Normal
1966-01-01,22.14,360.0,2127.55,26.01,15224.5,14.58,0.0,201.7993079584775,-0.9611687812379976,2.362599694035694,0.9704968944099335,-6.935687263556112,3.8948850305021265,146.394412715888,0.0,70.88383050642283,Normal
1966-02-01,23.54,360.0,2154.76,26.21,14961.8,14.68,0.0,201.6329645173598,-0.08243013457307491,2.3606521999284773,0.7689350249903804,6.323396567298989,4.390243902439028,148.2667033647561,0.6858710562414272,69.6607241795131,Normal
1966-03-01,26.19,360.0,2155.08,26.31,15025.9,14.72,0.0,201.4139110604333,-0.10863970454971783,2.3580875943530284,0.38153376573826225,11.257434154630431,7.116564417177917,148.2887222183995,0.2724795640327127,69.95916771036545,Normal
1966-04-01,24.53,360.0,2143.13,26.61,14913.9,14.81,0.0,200.36076662908684,-0.522875716876603,2.345757726939477,1.1402508551881407,-6.338297059946541,10.000000000000009,147.4664556526526,0.6114130434782705,69.43770631480439,Normal
1966-05-01,24.53,360.0,2141.34,26.44,14904.5,14.81,0.0,201.64901664145236,0.6429652042359901,2.360840132899375,-0.6388575723412226,0.0,12.471343420449355,147.34328769008465,0.0,69.39394080481979,Normal
1966-06-01,25.61,360.0,2149.41,26.49,14957.8,14.86,0.0,201.94790486976217,0.14822201133826152,2.3643394176288397,0.18910741301056966,4.402772115776599,13.168360583296511,147.89857565540495,0.33760972316001503,69.64210055824304,Normal
1966-07-01,25.77,360.0,2098.45,26.56,15148.2,14.9,0.0,201.9578313253012,0.004915354554158036,2.36445563329408,0.2642506606266526,0.6247559547051917,14.27937915742794,144.39207321268836,0.2691790040376896,70.52858493069685,Normal
1966-08-01,25.19,360.0,2108.26,26.36,15014.6,15.0,0.0,204.85584218512898,1.4349583974091251,2.3983845879570462,-0.7530120481927693,-2.2506790842064306,15.922687528762092,145.06708869469486,0.6711409395973034,69.9065559802776,Normal
1966-09-01,26.68,360.0,2089.33,26.66,14876.0,15.0,0.0,202.55063765941486,-1.1252813203300738,2.37139601419909,1.1380880121396153,5.91504565303691,17.01754385964911,143.76453588385056,0.0,69.26124750327077,Normal
1966-10-01,27.09,360.0,2064.4,26.84,14879.6,15.09,0.0,202.3994038748137,-0.07466467958272549,2.3696254189634507,0.6751687921980443,1.5367316341829085,18.400349650349646,142.04912956719193,0.6000000000000005,69.2780087624138,Normal
1966-11-01,27.51,360.0,2089.65,26.64,14715.1,15.09,0.0,203.9189189189189,0.7507507507507505,2.3874153995862994,-0.7451564828613977,1.5503875968992276,19.34924078091107,143.786554737494,0.0,68.5121123376835,Normal
1966-12-01,29.08,360.0,2119.73,26.89,14881.7,15.09,0.0,202.02305689847526,-0.9297136481963508,2.365219272777204,0.9384384384384381,5.707015630679746,22.23623371164354,145.85632697997661,0.0,69.28778616358059,Normal
1967-01-01,26.85,360.0,2097.75,27.19,14195.8,15.09,0.0,199.79404192717908,-1.1033468186833484,2.3391227011761315,1.1156563778356388,-7.668500687757895,21.27371273712737,144.34390697034337,0.0,66.09430070630083,Normal
1967-02-01,28.17,360.0,2096.03,27.32,13997.5,15.09,0.0,198.8433382137628,-0.47584187408491463,2.3279921758777093,0.47811695476278615,4.916201117318431,19.668649107901448,144.22555563200993,0.0,65.17103468183872,Normal
1967-03-01,31.22,360.0,2122.46,27.37,13854.6,15.13,0.0,199.0062111801242,0.08191019514383058,2.329899038811904,0.18301610541728852,10.827121050763221,19.205803741886207,146.04417532512215,0.2650762094102088,64.50570581196662,Normal
1967-04-01,29.08,360.0,2137.49,27.45,13905.7,15.18,0.0,199.08196721311478,0.03806717013570271,2.330785965442999,0.2922908293752302,-6.854580397181298,18.54871585813289,147.07837335718708,0.33046926635822427,64.74362257369135,Normal
1967-05-01,29.32,360.0,2135.76,27.27,13942.5,15.23,0.0,201.05610561056108,0.9916209012205579,2.353898526239047,-0.6557377049180357,0.8253094910591452,19.527109661638796,146.9593339296773,0.32938076416337836,64.9149598893757,Normal
1967-06-01,30.56,360.0,2099.83,27.12,14274.3,15.27,0.0,202.69911504424778,0.8171895246340544,2.373134338415988,-0.5500550055005493,4.229195088676674,19.328387348691912,144.48702951902567,0.26263952724885353,66.45978927372533,Normal
1967-07-01,30.56,360.0,2061.61,27.09,14223.6,15.32,0.0,203.58803986710964,0.43854400778602365,2.383541576853824,-0.11061946902655162,0.0,18.587504850601476,141.85715268698823,0.3274394237066103,66.2237348741276,Normal
1967-08-01,29.99,360.0,2007.94,27.32,14604.8,15.36,0.0,202.40117130307465,-0.582975583835732,2.369646111430193,0.8490217792543442,-1.8651832460732987,19.055180627233014,138.16417807747885,0.26109660574411553,67.9985659811622,Normal
1967-09-01,32.22,360.0,2047.18,27.75,14648.6,15.41,0.0,199.91351351351352,-1.2290728228228076,2.340521435077527,1.5739385065885791,7.435811937312442,20.76461769115443,140.8642400055047,0.32552083333334814,68.20249463406913,Normal
1967-10-01,32.38,360.0,2019.48,28.23,14926.7,15.45,0.0,197.02444208289054,-1.4451606496464708,2.306697140301246,1.7297297297297343,0.4965859714463283,19.52750092284976,138.9582329869951,0.2595717066839587,69.49730190286851,Normal
1967-11-01,32.96,360.0,1988.22,28.2,15437.6,15.5,0.0,197.87234042553192,0.43035185567719125,2.3166240542493854,-0.10626992561105775,1.7912291537986347,19.81097782624499,136.80726622170235,0.3236245954692629,71.8760039295841,Normal
1967-12-01,34.28,360.0,2030.5,28.41,14830.2,15.55,0.0,197.04329461457235,-0.4189801410225735,2.306917859519928,0.7446808510638281,4.0048543689320315,17.881705639614864,139.71650725934083,0.3225806451612856,69.04800703972886,Normal
1968-01-01,30.81,360.0,1997.37,28.63,14620.0,15.64,0.0,196.66084526720226,-0.19409406857420208,2.302440268787721,0.774375219992951,-10.122520420070014,14.748603351955293,137.4368678180692,0.5787781350482302,68.06933574198835,Normal
1968-02-01,33.12,360.0,2024.07,28.76,14789.8,15.68,0.0,196.27260083449235,-0.19741826705891308,2.297894831109014,0.4540691582256562,7.497565725413824,17.57188498402553,139.27406591894308,0.2557544757033181,68.85990846490145,Normal
1968-03-01,35.6,360.0,1989.14,28.81,13926.5,15.73,0.0,196.55675112808055,0.14477328591973038,2.30122156896299,0.173852573018074,7.487922705314021,14.029468289557979,136.8705704259272,0.3188775510204023,64.84046540429554,Normal
1968-04-01,34.12,360.0,1919.61,28.88,13839.7,15.78,0.0,196.70360110803324,0.07471123688700398,2.3029408400606726,0.2429711905588272,-4.157303370786525,17.331499312242094,132.0862863827152,0.31786395422759295,64.43633282273572,Normal
1968-05-01,34.28,360.0,1944.51,28.88,14348.3,15.82,0.0,197.20221606648198,0.25348542458807355,2.3087784594271126,0.0,0.4689331770222793,16.916780354706695,133.79962843184475,0.25348542458809575,66.80432626722103,Normal
1968-06-01,35.27,360.0,2002.01,28.63,14062.6,15.91,0.0,200.05588543485857,1.447077738423852,2.342188278543008,-0.8656509695290859,2.8879813302217006,15.412303664921478,137.75614119589898,0.568900126422256,65.47413411800859,Normal
1968-07-01,35.77,360.0,2097.96,28.63,14365.8,16.01,0.0,201.3133077191757,0.628535512256434,2.356909763637558,0.0,1.4176353841791833,17.04842931937174,144.35835684304686,0.6285355122564562,66.88580461027745,Normal
1968-08-01,34.61,360.0,2244.24,28.88,14427.0,16.05,0.0,200.06925207756234,-0.6179698976228498,2.3423447707841443,0.8732099196646859,-3.242941012021261,15.405135045015017,154.4237253148008,0.2498438475952547,67.17074601570903,Normal
1968-09-01,36.51,360.0,2381.34,29.54,14633.9,16.1,0.0,196.20853080568725,-1.9296924598780296,2.2971447203579753,2.2853185595567815,5.489742848887591,13.314711359404097,163.8574279226588,0.31152647975078995,68.13405282590173,Normal
1968-10-01,37.42,360.0,2574.99,29.57,14427.5,16.19,0.0,197.10517416300306,0.45698489950154464,2.307642324849708,0.10155721056195333,2.492467817036448,15.565163681284734,177.18227482281702,0.5590062111801242,67.17307396836777,Normal
1968-11-01,38.0,360.0,2793.06,29.64,15659.7,16.23,0.0,197.1255060728745,0.01031525933186117,2.307880364139968,0.2367264119039536,1.5499732763228247,15.291262135922334,192.18743549163972,0.24706609017912662,72.91008050060294,Normal
1968-12-01,38.74,360.0,2906.06,29.51,15709.9,16.28,0.0,198.60386309725516,0.7499572499938933,2.325188480252021,-0.43859649122807154,1.947368421052631,13.010501750291725,199.9628431844767,0.30807147258165024,73.14380694754192,Normal
1969-01-01,35.27,360.0,2950.06,29.62,15454.0,16.33,0.0,198.47400405131665,-0.0653859617397834,2.3236681334019456,0.3727549983056466,-8.957150232318012,14.475819539110702,202.99043556044865,0.30712530712528885,71.95236077679125,Normal
1969-02-01,38.0,360.0,3090.88,29.62,15499.4,16.42,0.0,199.56785955435518,0.5511328842621177,2.3364746326062433,0.0,7.740289197618355,14.734299516908212,212.6801073419115,0.5511328842621177,72.16373887820617,Normal
1969-03-01,40.56,360.0,3218.0,29.92,15758.4,16.56,0.0,199.2513368983957,-0.15860402404791474,2.3327688898180714,1.0128291694800895,6.736842105263174,13.932584269662929,221.42709695176498,0.8526187576126443,73.36961835544112,Normal
1969-04-01,39.82,360.0,3108.31,30.22,15947.6,16.65,0.0,198.34546657842486,-0.4546370097545549,2.322163259092918,1.0026737967914423,-1.8244575936883667,16.705744431418523,213.8794467763022,0.5434782608695565,74.25051564151393,Normal
1969-05-01,39.57,360.0,3101.34,30.25,16069.9,16.69,0.0,198.62479338842977,0.14082843173754966,2.325433525193084,0.09927200529451508,-0.6278252134605755,15.431738623103852,213.39984862038125,0.2402402402402526,74.81993286184533,Normal
1969-06-01,40.97,360.0,3129.05,30.3,16057.1,16.78,0.0,199.36633663366337,0.37333871194189516,2.334115268763105,0.16528925619834212,3.5380338640384146,16.16104337964275,215.3065437280672,0.5392450569203122,74.7603372737812,Normal
1969-07-01,41.8,360.0,3074.06,30.68,15935.8,16.88,0.0,198.07040417209907,-0.6500257182061597,2.3189429192235673,1.2541254125412404,2.025872589699773,16.857701984903528,211.5227413472786,0.5959475566150063,74.19557595876731,Normal
1969-08-01,39.65,360.0,3165.93,30.95,16195.1,16.97,0.0,197.38933764135703,-0.34385073004156164,2.31096921706657,0.8800521512385862,-5.143540669856462,14.562265241259741,217.84421661047273,0.5331753554502328,75.40285220759752,Normal
1969-09-01,42.87,360.0,3300.07,31.18,16743.2,17.01,0.0,196.3951250801796,-0.503680985537236,2.299329304538587,0.7431340872374737,8.12105926860025,17.419884963023826,227.07424482212897,0.23571007660578847,77.95475391212446,Normal
1969-10-01,44.11,360.0,3307.17,31.33,16315.8,17.11,0.0,196.6038940312799,0.10630047513402463,2.3017735025142074,0.4810776138550299,2.8924655936552357,17.8781400320684,227.56278813734264,0.5878894767783471,75.96481997942091,Normal
1969-11-01,43.7,360.0,3549.38,31.21,16000.3,17.2,0.0,198.39794937520026,0.9125227924706936,2.3227777103557004,-0.38301947015638715,-0.9294944457039156,15.000000000000014,244.2289960778917,0.5260081823495133,74.49588185174666,Normal
1969-12-01,45.68,360.0,3653.86,31.41,16963.6,17.29,0.0,198.16618911174783,-0.11681585630410884,2.3200643376833074,0.6408202499198934,4.530892448512569,17.914300464636025,251.41815179247234,0.5232558139534937,78.98091544410353,Normal
1970-01-01,41.47,360.0,3775.16,31.91,17396.53,17.34,0.0,195.6251958633657,-1.2822536779719007,2.290315227382049,1.5918497293855527,-9.216287215411556,17.57867876382193,259.7646735016858,0.28918449971082616,80.99659653321291,Normal
1970-02-01,44.44,360.0,3820.29,32.02,17669.63,17.43,0.0,195.96502186133665,0.173712796284331,2.29429379800726,0.34471952366030845,7.161803713527859,16.947368421052623,262.8700199545861,0.519031141868509,82.26812427542475,Normal
1970-03-01,47.91,360.0,4058.97,32.33,17350.63,17.52,0.0,195.08815341787815,-0.4474617128759739,2.28402771168029,0.9681449094316008,7.808280828082803,18.121301775147924,279.2933324158811,0.5163511187607606,80.78289047913923,Normal
1970-04-01,46.01,360.0,4113.88,32.64,16918.71,17.66,0.0,194.77941176470588,-0.15825750962485952,2.280413066304643,0.9588617383235354,-3.9657691504905057,15.544952285283763,283.0716300832588,0.7990867579908745,78.77191185440053,Normal
1970-05-01,45.19,360.0,4091.82,32.43,16164.89,17.7,0.0,196.48473635522663,0.8755158335629343,2.3003784437707777,-0.6433823529411797,-1.7822212562486395,14.202678797068469,281.55370536021474,0.22650056625141968,75.26219730795555,Normal
1970-06-01,48.08,360.0,4084.82,32.43,16328.29,17.79,0.0,197.48381128584643,0.5084745762711895,2.3120752833153753,0.0,6.395220181456085,17.354161581645112,281.0720429367646,0.5084745762711895,76.02297223683661,Normal
1970-07-01,48.32,360.0,3948.4,32.43,16065.39,17.89,0.0,198.59389454209068,0.5621135469364935,2.325071771698261,0.0,0.4991680532445919,15.598086124401922,271.68513039289894,0.5621135469364935,74.79893472886336,Normal
1970-08-01,45.27,360.0,3967.83,32.33,15795.79,17.89,0.0,199.2081657902877,0.3093102381688917,2.332263456732899,-0.3083564600678379,-6.31208609271523,14.174022698612877,273.0220876625611,0.0,73.5437026552628,Normal
1970-09-01,48.16,360.0,3997.36,32.95,15527.69,17.98,0.0,196.44309559939302,-1.3880305457987796,2.2998909275449435,1.917723476647093,6.383918709962422,12.339631443900156,275.05401500034407,0.5030743432084872,72.29545443963852,Normal
1970-10-01,48.08,360.0,4218.65,33.47,15119.89,18.07,0.0,194.35912757693458,-1.0608507344581186,2.275492517748347,1.5781487101669045,-0.16611295681062677,9.000226705962366,290.28074038395374,0.5005561735261344,70.39677625115816,Normal
1970-11-01,47.25,360.0,4427.13,33.47,14890.29,18.16,0.0,195.32715864953693,0.49806308799116294,2.2868259060492524,0.0,-1.7262895174708803,8.123569794050333,304.62602353264987,0.49806308799114074,69.32778039025798,Normal
1970-12-01,49.48,360.0,4840.05,33.67,14486.89,18.25,0.0,195.12919512919512,-0.1013497158871779,2.284508214490637,0.597550044816253,4.7195767195767235,8.318739054290702,333.03860180279366,0.49559471365638874,67.44958818517468,Normal
1971-01-01,44.36,360.0,4972.15,33.98,14698.99,18.25,0.0,193.3490288404944,-0.912301353737488,2.263666615123595,0.920700920700912,-10.347615198059824,6.9688931757897254,342.128259822473,0.0,68.43710570301843,Normal
1971-02-01,46.75,360.0,5308.29,33.98,14533.79,18.3,0.0,193.87875220718072,0.273972602739736,2.2698684414663997,0.0,5.387736699729495,5.198019801980203,365.2576893965458,0.273972602739736,67.66795014456586,Normal
1971-03-01,50.55,360.0,5899.09,34.09,14341.59,18.34,0.0,193.6755646817248,-0.10480133750746523,2.267489588980083,0.3237198351971893,8.128342245989305,5.510331872260488,405.90999793573246,0.21857923497268228,66.77308514254054,Normal
1971-04-01,47.75,360.0,6092.2,34.5,14307.13,18.39,0.0,191.89565217391305,-0.9190175904413955,2.2466509607959284,1.2026987386330124,-5.539070227497522,3.7817865681373686,419.1976880203675,0.27262813522355156,66.61264264529918,Normal
1971-05-01,45.1,360.0,7117.79,34.61,13810.51,18.48,0.0,192.22190118462873,0.17001375852956357,2.250470576535418,0.31884057971014457,-5.549738219895284,-0.19915910599689335,489.7674258583913,0.4893964110929794,64.30042694651762,Normal
1971-06-01,48.41,360.0,7800.79,34.71,13503.91,18.62,0.0,193.12013828867762,0.4672917594265913,2.260986840087888,0.28893383415198315,7.339246119733911,0.6863560732113028,536.7639166035918,0.7575757575757569,62.87292637616921,Normal
1971-07-01,48.82,360.0,8129.06,34.71,13282.51,18.66,0.0,193.53500432152117,0.21482277121374072,2.265843954674543,0.0,0.8469324519727373,1.0347682119205226,559.3518199958714,0.21482277121374072,61.84210893887262,Normal
1971-08-01,46.18,355.52,12514.98,34.71,12127.81,18.71,-1.244444444444448,191.63869778161913,-0.9798261283791798,2.2436426235783418,0.0,-5.407619827939369,2.010161254694043,861.1422280327531,0.2679528403001008,56.46593506874444,Normal
1971-09-01,49.48,337.4,13384.99,35.54,12130.21,18.71,-5.096759675967599,177.62391671356218,-7.3131268529216475,2.0795621923898384,2.3912417170844025,7.145950627977471,2.740863787375414,921.0066744650106,0.0,56.47710924150646,Normal
1971-10-01,48.57,330.42,14100.32,35.64,12145.9,18.76,-2.0687611144042606,173.92478114478115,-2.0825661528150463,2.036253934044389,0.2813731007315745,-1.8391269199676596,1.0191347753743862,970.2277575173742,0.26723677177979965,56.550160395938185,Normal
1971-11-01,48.65,328.4,14836.33,35.33,12130.3,18.76,-0.6113431390351809,174.37826210019813,0.2607339520177332,2.0415631393997393,-0.8698092031425464,0.164710726786077,2.9629629629629672,1020.8718089864445,0.0,56.47752827298505,Normal
1971-12-01,49.65,336.39,15301.9,35.33,12314.57,18.85,2.4330085261875745,179.47782337956411,2.9244248783921067,2.1012671197564283,0.0,2.0554984583761593,0.34357316087307854,1052.9071767701093,0.47974413646054703,57.33547194584251,Normal
1972-01-01,45.02,312.23,15957.12,35.33,13084.03,18.85,-7.182139778233587,166.58747523351263,-7.1821397782335765,1.9503511781014589,0.0,-9.325276938569981,1.4878268710550202,1097.9921557833895,0.0,60.91800485145335,Normal
1972-02-01,48.16,304.98,16478.32,35.54,12534.82,18.94,-2.322006213368355,162.53014068655037,-2.4355579801392246,1.9028492443424694,0.5943956977073395,6.974677920924011,3.016042780748651,1133.8553636551298,0.4774535809018543,58.36093509202397,Normal
1972-03-01,52.62,302.44,16664.43,35.85,12475.16,18.99,-0.8328414978031384,160.2046192468619,-1.430824725718638,1.875622806861267,0.8722566122678632,9.260797342192696,4.094955489614249,1146.6613913163146,0.263991552270304,58.083163780781355,Normal
1972-04-01,49.65,303.56,16535.83,36.26,12472.71,19.03,0.3703213860600574,159.31458356315503,-0.5555618108210814,1.8652025628312954,1.143654114365411,-5.644241733181299,3.9790575916230253,1137.8125645083605,0.21063717746183652,58.07175681275346,Normal
1972-05-01,48.98,304.44,16033.56,36.37,13344.52,19.08,0.28989326657002934,159.7117184492714,0.24927717051022036,1.8698520870042052,0.30336458907886943,-1.3494461228600207,8.603104212860302,1103.2519094474644,0.26274303730948745,62.13082162761139,Normal
1972-06-01,51.55,303.68,15844.1,36.47,13338.6,19.12,-0.24963868085665641,159.20925692349877,-0.3146052967504809,1.8639694332970906,0.27495188342041565,5.247039608003257,6.486263168766793,1090.2153719122,0.20964360587003572,62.10325866813173,Normal
1972-07-01,51.55,301.11,15883.28,36.47,13089.59,19.22,-0.8462855637513145,158.6875294762819,-0.32769919117678903,1.8578612205403937,0.0,0.0,5.591970503891841,1092.9113053051676,0.5230125523012497,60.943891685018706,Normal
1972-08-01,49.89,301.1,16371.35,36.68,13123.15,19.26,-0.0033210454651100285,158.10212649945476,-0.36890294956329894,1.8510075156990273,0.5758157389635254,-3.2201745877788457,8.033780857514072,1126.494873735636,0.20811654526535772,61.10014386747431,Normal
1972-09-01,53.45,301.1,16488.5,36.88,13216.8,19.31,0.0,157.65295553145336,-0.28410178784213924,1.845748770253834,0.5452562704471253,7.135698536780932,8.023443815683118,1134.5558384366614,0.25960539979230646,61.53616940045907,Normal
1972-10-01,53.69,301.1,17795.68,37.09,13312.47,19.4,0.0,157.49096791588028,-0.1027494949441432,1.8438522727144604,0.569414316702832,0.44901777362018613,10.54148651430924,1224.5014793917292,0.46607975142414215,61.9815998621852,Normal
1972-11-01,54.19,301.1,18411.31,37.09,13306.35,19.44,0.0,157.8156915610677,0.20618556701033075,1.8476540299777897,0.0,0.9312721177128003,11.387461459403902,1266.862313355811,0.20618556701033075,61.95310572164205,Normal
1972-12-01,57.08,301.23,18365.22,37.3,13150.32,19.49,0.04317502490867042,157.39873190348527,-0.26420671699878273,1.8427724039236895,0.5661903478026309,5.333087285477034,14.96475327291038,1263.6909103419803,0.2572016460905102,61.22664481495105,Normal
1973-01-01,51.63,301.96,17856.35,37.71,13053.34,19.54,0.24233974039769013,156.46508618403604,-0.5931723262050936,1.8318415879886698,1.0991957104557804,-9.548002803083389,14.682363394047094,1228.6761164246886,0.2565418163160693,60.775115117258984,Normal
1973-02-01,54.93,279.1,19134.72,38.02,13195.62,19.67,-7.570539144257504,144.3949763282483,-7.714251242983838,1.690528725517759,0.8220631132325629,6.391632771644384,14.057308970099669,1316.6393724626714,0.66530194472878,61.43755732583423,Normal
1973-03-01,60.71,265.26,18125.49,38.96,13201.41,19.86,-4.958796130419218,135.21723819301846,-6.355995456771568,1.5830787965284319,2.472382956338759,10.522483160385953,15.37438236412012,1247.195348517168,0.9659379766141285,61.4645150176226,Normal
1973-04-01,57.66,265.52,16835.81,39.58,13172.79,19.99,0.09801703988538968,134.10168772107124,-0.8250061063625691,1.5700182997885412,1.591375770020531,-5.023884038873339,16.132930513595166,1158.4538636207253,0.654582074521648,61.33126300743549,Normal
1973-05-01,57.66,264.73,15869.42,40.3,13184.89,20.13,-0.2975293763181508,132.23362034739455,-1.3930230151631195,1.5481475835302143,1.8191005558362727,0.0,17.721518987341778,1091.9576137067365,0.7003501750875385,61.38759946177734,Normal
1973-06-01,60.14,264.7,15199.63,40.41,13183.16,20.27,-0.011332300834820952,132.7757733234348,0.40999631910247913,1.554494931636962,0.27295285359800747,4.3010752688172005,16.66343355965083,1045.8700887635039,0.695479384003983,61.379544745578066,Normal
1973-07-01,59.89,264.41,15157.57,40.72,13187.86,20.32,-0.10955799017754453,131.94526522593324,-0.6254967127764299,1.5447716169392967,0.7671368473150197,-0.41569670768207834,16.178467507274497,1042.9759856877452,0.24666995559941007,61.401427500570364,Normal
1973-08-01,57.58,265.11,15126.29,41.03,13193.41,20.68,0.264740365341698,133.62112600536193,1.270118163436229,1.5643920418296502,0.7612966601178828,-3.8570712973785337,15.413910603327308,1040.8236427440997,1.7716535433070835,61.42726777508253,Normal
1973-09-01,61.38,265.49,14795.09,42.17,13198.0,20.73,0.14333672815056708,130.51002371354045,-2.328301208670136,1.5279682830113912,2.7784547891786415,6.599513720041683,14.836295603367633,1018.0341292231473,0.24177949709864865,61.448638380489896,Normal
1973-10-01,62.12,266.33,14048.86,42.38,14367.46,20.91,0.3163960977814462,131.40538697498818,0.6860494205510159,1.538450900563194,0.49798434906331845,1.2056044314108672,15.70124790463774,966.68685061584,0.868306801736618,66.8935334131045,Normal
1973-11-01,61.87,277.81,13196.34,42.69,14372.77,21.05,4.310441932940345,136.98525415788242,4.24630017942591,1.6037781439141885,0.7314771118452024,-0.40244687701223025,14.172356523343787,908.025872153031,0.6695361071257899,66.91825627034049,Normal
1973-12-01,62.53,280.0,12245.78,44.14,14377.96,21.19,0.7883085562074843,134.41776166742184,-1.8742838462754596,1.5737187892327085,3.3965799953150633,1.0667528689187078,9.548002803083389,842.6188674052158,0.6650831353919306,66.94242041893837,Normal
1974-01-01,55.35,298.64,11566.24,46.0,14565.39,21.37,6.65714285714285,138.73775652173913,3.213857157513056,1.6242958631795918,4.213864975079296,-11.482488405565327,7.2051133062173145,795.8604555150347,0.8494572911750708,67.81507675259915,Normal
1974-02-01,58.48,291.24,11899.6,47.45,14643.16,21.65,-2.477899812483253,132.8840042149631,-4.219292897286242,1.555762063193541,3.1521739130434767,5.654923215898822,6.462770799198969,818.7985962980802,1.310248011230697,68.17716650914187,Normal
1974-03-01,62.2,282.58,12425.59,47.76,14588.26,21.92,-2.973492652108234,129.69333333333336,-2.401094774709145,1.5184067415872937,0.6533192834562662,6.361149110807118,2.4542908911217243,854.9913988852956,1.247113163972302,67.9215573072106,Normal
1974-04-01,58.15,277.78,12713.84,49.01,14642.02,22.01,-1.698634015146161,124.74878188124872,-3.8124946942155624,1.4605175651276667,2.6172529313232884,-6.511254019292611,0.8498092265001755,874.8255693937936,0.41058394160584655,68.17185877707992,Normal
1974-05-01,57.41,278.93,13166.46,49.21,14869.48,22.29,0.4139966880265078,126.3432168258484,1.2781166441508507,1.4791846832183102,0.4080799836768012,-1.2725709372312988,-0.4335761359694712,905.9698616940756,1.2721490231712762,69.23089100060061,Normal
1974-06-01,57.91,283.05,13428.47,49.42,14946.22,22.47,1.4770731007779814,128.69553824362606,1.8618501862431636,1.5067248859976907,0.42674253200569723,0.8709284096847236,-3.708014632524115,923.998486203812,0.8075370121130465,69.5881851746663,Normal
1974-07-01,57.91,290.91,13200.29,50.46,14911.91,22.65,2.7768945416004387,130.58088585017836,1.4649673425222165,1.5287979135192118,2.1044111695669665,0.0,-3.3060611120387495,908.2976673776923,0.8010680907877266,69.42844106322255,Normal
1974-08-01,53.12,302.22,12903.55,50.98,15460.14,22.93,3.8878003506239045,135.93378972145942,4.099301238791342,1.5914679453267209,1.0305192231470306,-8.271455707131759,-7.745745050364716,887.8793091584669,1.236203090507737,71.98094803544075,Normal
1974-09-01,56.92,299.62,13169.04,51.6,15893.18,23.21,-0.8603004433856198,134.77093410852714,-0.8554573629669826,1.5778536156091643,1.2161632012553936,7.1536144578313365,-7.266210492016945,906.1473887015758,1.2211077191452313,73.99714127413506,Normal
1974-10-01,55.35,299.48,13450.94,52.84,15889.7,23.43,-0.046725852746809515,132.79364875094626,-1.4671452495748305,1.5547042112425096,2.4031007751938116,-2.7582572030920627,-10.898261429491296,925.5446225830868,0.9478672985781866,73.98093872363013,Normal
1974-11-01,53.69,300.1,13737.99,53.25,15839.2,23.62,0.207025510885539,133.114779342723,0.24182677017861032,1.5584639022223883,0.7759273277819778,-2.999096657633249,-13.221270405689346,945.2962223904217,0.8109261630388387,73.7458155050959,Normal
1974-12-01,53.28,300.44,13518.89,53.46,15883.85,23.8,0.11329556814394515,133.75368499812944,0.47996598015722647,1.5659439987660866,0.3943661971830936,-0.7636431365244833,-14.792899408284022,930.2201885364344,0.7620660457239525,73.95370167752269,Normal
1975-01-01,45.02,299.64,13509.21,54.08,15948.01,23.89,-0.26627612834509984,132.36685650887574,-1.036852546734024,1.5497074685344518,1.1597456041900545,-15.503003003003002,-18.66305329719964,929.5541182137205,0.37815126050420034,74.2524245626941,Normal
1975-02-01,47.25,292.17,13968.27,54.08,16132.3,24.08,-2.492991589907878,130.09344674556212,-1.717506801380586,1.5230911373608698,0.0,4.9533540648600605,-19.203146374828993,961.1415399435767,0.7953118459606445,75.11046135365791,Normal
1975-03-01,50.88,288.03,14152.88,54.6,16255.8,24.17,-1.416983263168714,127.5033901098901,-1.9909201427629752,1.4927676091145146,0.9615384615384581,7.682539682539691,-18.199356913183284,973.8443542283079,0.3737541528239241,75.68546566037033,Normal
1975-04-01,49.89,292.12,14337.26,55.53,16182.63,24.26,1.4199909731625215,127.62166756708086,0.09276416657535425,1.4941523625460165,1.7032967032966972,-1.9457547169811407,-14.204643164230434,986.5313424619832,0.37236243276790315,75.34479306828817,Normal
1975-05-01,48.98,291.47,14556.71,55.85,16279.85,24.4,-0.2225112967273679,127.33872873769025,-0.2217012477461089,1.4908398081150238,0.576265081937688,-1.824012828222099,-14.68385298728444,1001.631459437143,0.577081615828523,75.79744018325644,Normal
1975-06-01,51.3,293.57,14604.21,55.85,16241.47,24.58,0.7204858132912273,129.20233840644582,1.463505790602393,1.5126583350353928,0.0,4.7366271947733685,-11.414263512346745,1004.89988302484,0.7377049180327777,75.61874653717042,Normal
1975-07-01,52.37,296.22,14635.63,55.95,16083.56,24.86,0.9026807916340251,131.61803753351208,1.8697023264911294,1.5409405431174117,0.1790510295434311,2.085769980506824,-9.56656881367639,1007.0618592169545,1.1391375101708734,74.8835325284825,Normal
1975-08-01,48.65,297.94,14090.17,55.85,16116.68,24.9,0.5806495172506754,132.8326947179946,0.9228652905368229,1.5551613485376519,-0.17873100983021306,-7.103303417987394,-8.414909638554214,969.5293470033716,0.16090104585679832,75.03773611259842,Normal
1975-09-01,53.12,299.68,13269.23,57.09,16291.69,25.04,0.5840102033966676,131.441359257313,-1.0474344916629352,1.5388720521720582,2.2202327663384036,9.188078108941422,-6.676036542515817,913.041354159499,0.5622489959839383,75.85256610221576,Normal
1975-10-01,53.12,302.38,13191.96,57.92,16567.69,25.18,0.9009610250934275,131.45594613259667,0.01109762967006489,1.5390428304935042,1.4538448064459697,0.0,-4.028906955736233,907.7244890937866,0.5591054313099031,77.13759596984836,Normal
1975-11-01,51.38,302.53,12958.46,57.61,16591.94,25.36,0.049606455453399256,133.17411560492968,1.3070306234759022,1.5591585915964645,-0.5352209944751385,-3.275602409638545,-4.302477183833108,891.6576068258445,0.7148530579825341,77.25050167379796,Normal
1975-12-01,53.12,305.7,12815.14,57.61,16225.9,25.45,1.0478299672759706,135.04712723485505,1.4064381966551132,1.5810871935751072,0.0,3.386531724406372,-0.30030030030030463,881.7959127502924,0.35488958990537167,75.5462540913768,Normal
1976-01-01,47.5,304.66,13152.73,58.75,16622.46,25.5,-0.3402028132155621,132.23540425531917,-2.0820309451278662,1.5481684689354198,1.9788231209859397,-10.579819277108427,5.508662816525978,905.025115254937,0.19646365422396617,77.39259990408836,Normal
1976-02-01,51.55,301.9,13951.55,59.16,16661.49,25.59,-0.9059279196481529,130.58859026369169,-1.2453654154887528,1.5288881142497963,0.6978723404255316,8.52631578947367,9.100529100529098,959.9910548407074,0.3529411764705781,77.57431988863075,Normal
1976-03-01,57.41,300.6,14182.67,59.37,16941.16,25.64,-0.43060616098044013,129.81950480040427,-0.5889377178622035,1.519883915481067,0.3549695740365122,11.367604267701271,12.834119496855333,975.8941718846763,0.19538882375929045,78.87643692877863,Normal
1976-04-01,55.68,299.13,14939.21,60.71,17436.87,25.73,-0.4890219560878317,126.7767237687366,-2.3438550596429297,1.484260039427365,2.257032171130202,-3.0134122975091437,11.605532170775712,1027.950870432808,0.35101404056161467,81.18441575372123,Normal
1976-05-01,54.27,299.06,15209.46,61.03,17955.33,25.91,-0.023401196804062607,126.96451908897264,0.1481307566983725,1.4864586850551402,0.5270960303080274,-2.532327586206895,10.800326663944482,1046.546480423863,0.6995724834823136,83.5983164246372,Normal
1976-06-01,57.33,299.4,15397.2,61.13,18476.5,26.05,0.11368956062327573,127.58661868149844,0.4899790878504007,1.4937420217614465,0.1638538423726077,5.63847429519071,11.754385964912274,1059.464666620794,0.5403319181783051,86.02483459896361,Normal
1976-07-01,58.57,294.78,15939.72,61.44,18245.4,26.19,-1.5430861723446876,125.655732421875,-1.5133924541441246,1.471135842719729,0.5071159823327287,2.162916448630736,11.838839029978999,1096.7948806165277,0.5374280230326267,84.94885488008717,Normal
1976-08-01,54.52,290.74,16290.5,61.13,18586.28,26.32,-1.3705136033652088,125.18038279077376,-0.37829522134756877,1.465570606127189,-0.504557291666663,-6.914802800068287,12.065775950668044,1120.9316727447876,0.49637266132112057,86.53595988471979,Normal
1976-09-01,58.9,287.66,16488.4,62.58,18945.88,26.42,-1.0593657563458758,121.44418664109942,-2.9846498839350977,1.421828454732427,2.3719941109111575,8.03374908290535,10.881024096385538,1134.548957544898,0.37993920972645423,88.2102234368962,Normal
1976-10-01,58.57,290.93,16577.92,62.99,19013.03,26.55,1.136758673433902,122.62567867915543,0.9728683362569157,1.4356609735644097,0.6551613934164369,-0.5602716468590785,10.259789156626509,1140.708731851648,0.49205147615443146,88.52286747896694,Normal
1976-11-01,58.57,295.05,16725.64,62.99,19416.17,26.6,1.4161482143471016,124.59644387998095,1.6071390772743,1.45873404208774,0.0,0.0,13.993771895679252,1150.8731851647974,0.18832391713747842,90.39984914866771,Normal
1976-12-01,59.56,294.72,16604.66,63.72,18747.0,26.69,-0.11184544992373091,123.4475329566855,-0.9221057098564911,1.4452829721940286,1.158914113351317,1.6902851289055887,12.12349397590362,1142.5486823092274,0.33834586466165995,87.2842569873499,Normal
1977-01-01,52.62,291.08,16708.3,64.34,19087.41,26.83,-1.2350705754614721,121.3813552999689,-1.673729403277402,1.4210928461278556,0.9730069052102941,-11.652115513767637,10.778947368421044,1149.6800385329939,0.5245410266017103,88.8691737164833,Normal
1977-02-01,55.1,285.07,17051.69,64.65,19121.97,27.1,-2.0647244743713045,119.49569992266046,-1.5534967233216568,1.3990162153279007,0.48181535592166647,4.713036868110998,6.886517943743953,1173.3083327599256,1.0063361908311697,89.03008180425644,Normal
1977-03-01,61.54,280.57,17226.58,64.96,19120.65,27.29,-1.578559652015299,117.86877001231528,-1.3614966156925812,1.379968656903221,0.47950502706881615,11.687840290381125,7.193868663995828,1185.342324365238,0.7011070110701123,89.02393600923733,Normal
1977-04-01,58.57,275.12,17550.22,66.1,18867.7,27.52,-1.9424742488505453,114.54315279878972,-2.821457467638022,1.341033428181961,1.7549261083743772,-4.8261293467663275,5.190373563218387,1207.6116424688641,0.8427995602784843,87.84622475917331,Normal
1977-05-01,56.67,277.62,17571.75,66.72,19194.33,27.65,0.9086943879034637,115.05085431654675,0.4432403905005655,1.3469774299857777,0.9379727685325356,-3.243981560525866,4.422332780541738,1209.0930984655613,0.4723837209302362,89.36698311303142,Normal
1977-06-01,59.48,272.98,17710.35,66.41,19155.73,27.84,-1.671349326417404,114.4370305676856,-0.5335238512634621,1.339790984125668,-0.464628297362113,4.958531851067582,3.750218035932318,1218.6300144498728,0.6871609403255041,89.18726516777555,Normal
1977-07-01,58.81,264.82,17962.73,66.21,18926.99,27.97,-2.989229980218344,111.87155112520767,-2.241826294995075,1.3097551975455657,-0.30115946393616255,-1.1264290517821074,0.40976609185590096,1235.9960090827772,0.4669540229885083,88.12227338544845,Normal
1977-08-01,56.25,266.64,18161.18,66.31,19055.55,28.07,0.6872592704478597,112.87264062735635,0.8948561918375786,1.3214756230287168,0.1510345869204066,-4.353001190273764,3.173147468818782,1249.6511387875871,0.3575259206292536,88.72083657306746,Normal
1977-09-01,60.63,267.04,18263.04,67.35,18988.47,28.16,0.1500150015001589,111.65325018559764,-1.0803241910362194,1.307199402194491,1.5683908912682787,7.786666666666675,2.9371816638370296,1256.6600151379619,0.32062700391877197,88.40851844436892,Normal
1977-10-01,59.39,255.07,19976.76,67.86,19047.45,28.25,-4.4824745356501055,106.18519746536988,-4.89735203510725,1.2431812456682092,0.7572383073496836,-2.045192149101105,1.4000341471743116,1374.5792334686575,0.3196022727272707,88.68312373999562,Normal
1977-11-01,59.89,244.81,22550.8,67.14,19155.04,28.39,-4.022425216607206,103.5173652070301,-2.5124332976918407,1.2119471461013809,-1.0610079575596787,0.8418925745074857,2.253713505207444,1551.6961398197207,0.49557522123893083,89.18405259310647,Normal
1977-12-01,61.13,241.3,23260.28,66.93,19311.5,28.48,-1.4337649605816738,102.67778275810548,-0.8110546933313922,1.2021175918922298,-0.3127792672028451,2.0704625146101163,2.6359973136333092,1600.5146907039152,0.31701303275801784,89.912515539084,Normal
1978-01-01,54.52,241.13,23787.42,67.24,19454.83,28.66,-0.070451719850817,102.77789708506842,0.097503397788401,1.2032896973897367,0.4631704766173472,-10.8130214297399,3.6107943747624605,1636.7866235464116,0.6320224719101208,90.57984644824263,Normal
1978-02-01,57.41,240.28,24602.95,67.55,19372.98,28.85,-0.352506946460418,102.62143597335309,-0.15223225630490722,1.201457902333516,0.46103509815587085,5.300807043286859,4.192377495462796,1692.9023601458748,0.6629448709002173,90.19876059800448,Normal
1978-03-01,64.6,231.51,29627.64,68.17,19191.32,29.08,-3.64990844015316,98.75767639724218,-3.7650609148698555,1.1562222804441415,0.9178386380459091,12.523950531266337,4.972375690607733,2038.645840500929,0.7972270363951317,89.35296883802572,Normal
1978-04-01,62.37,221.68,27946.91,68.9,18842.72,29.3,-4.246036888255356,94.27030478955007,-4.54382056301339,1.1036856147111782,1.0708522810620513,-3.4520123839009265,6.487963121051732,1922.9966283630358,0.7565337001375516,87.72992024434191,Normal
1978-05-01,60.63,226.4,28123.26,69.31,18965.24,29.58,2.1291952363767574,96.6225941422594,2.495260154256007,1.1312254420833217,0.59506531204645,-2.7898027898027866,6.987824245632601,1935.131080988096,0.9556313993174026,88.30036176384318,Normal
1978-06-01,62.86,214.34,27750.79,69.0,18863.95,29.9,-5.326855123674912,92.88066666666666,-3.8727251206725266,1.087416190216322,-0.44726590679555756,3.6780471713673046,5.682582380632151,1909.5018234363174,1.0818120351588911,87.82876511423264,Normal
1978-07-01,63.28,199.9,29774.11,69.21,18832.09,30.13,-6.736959970140899,87.02480855367722,-6.304711543474539,1.0188577361461426,0.3043478260869481,0.6681514476614803,7.6007481720795855,2048.7242826670335,0.7692307692307665,87.6804279708168,Normal
1978-08-01,60.14,188.45,29614.32,69.42,18782.59,30.27,-5.727863931965993,82.17201815038892,-5.576329881030507,0.9620428677602343,0.30342436064154654,-4.96207332490518,6.915555555555564,2037.7293057180211,0.46465316959840575,87.44996065760007,Normal
1978-09-01,64.68,190.16,29654.63,70.14,18849.93,30.5,0.9074024940302516,82.69004847447961,0.6304218099433934,0.9681077958195996,1.037165082108893,7.549052211506502,6.679861454725389,2040.5029931879174,0.7598282127519118,87.76348932168116,Normal
1978-10-01,63.94,183.95,29630.96,70.35,18934.68,30.77,-3.2656710138830536,80.45687988628288,-2.700649750962414,0.9419625950427498,0.29940119760478723,-1.1440940012368728,7.661222428018188,2038.8742861074795,0.8852459016393421,88.15807729734009,Normal
1978-11-01,64.1,191.26,32730.24,69.63,17967.47,30.91,3.9739059527045484,84.90372827804107,5.526995824401015,0.9940248283381821,-1.0234541577825107,0.25023459493274114,7.029554182668218,2252.1323883575315,0.45498862528436934,83.65483911519176,Normal
1978-12-01,65.92,196.24,33500.29,69.52,18650.3,31.05,2.603785422984428,87.64746835443039,3.2315896274945244,1.0261476315854792,-0.15797788309636074,2.839313572542923,7.8357598560445,2305.1186953829215,0.45292785506307887,86.83403094314674,Normal
1979-01-01,58.15,197.72,33583.07,69.63,20468.77,31.32,0.754178556869145,88.93566566135287,1.4697484492230295,1.0412294204874455,0.15822784810126667,-11.787014563106801,6.6581071166544215,2310.814697584807,0.8695652173912993,95.30065508587818,Normal
1979-02-01,61.79,200.56,33162.88,69.42,20291.45,31.69,1.436374671252283,91.55497551138001,2.9451737169212677,1.0718954357124932,-0.30159414045669575,6.259673258813425,7.629332868838179,2281.901878483451,1.1813537675606778,94.47506995497741,Normal
1979-03-01,68.48,206.1,29287.55,70.04,21657.92,32.01,2.7622656561627323,94.19276127926898,2.8810949412149567,1.1027777608859202,0.893114376260451,10.82699465932999,6.006191950464412,2015.2446157021948,1.0097822656989441,100.83722489419455,Normal
1979-04-01,66.33,215.81,26379.66,70.97,21402.96,32.38,4.711305191654547,98.463122446104,4.5336404930034435,1.152773740001281,1.3278126784694422,-3.1396028037383283,6.349206349206349,1815.1558521984448,1.1558887847547883,99.65015527444234,Normal
1979-05-01,65.67,218.15,24438.67,71.49,22298.92,32.79,1.0842871043973856,100.05788921527487,1.6196589439297915,1.1714447429844859,0.7327039594194673,-0.995024875621886,8.31271647699159,1681.598431156678,1.2662137121679962,103.82166020271812,Normal
1979-06-01,67.98,218.89,25241.61,71.59,21267.65,33.16,0.3392161356864376,101.38835591563065,1.3296969492263333,1.1870214079938228,0.13987970345503697,3.5175879396984966,8.145084314349349,1736.8478634831074,1.1283928026837309,99.02016472593014,Normal
1979-07-01,68.56,216.41,25378.8,72.22,20044.3,33.52,-1.1329891726437946,100.44396566048187,-0.9314582987563713,1.1759647985810497,0.8800111747450767,0.8531921153280386,8.343868520859665,1746.2877588935526,1.0856453558504509,93.32436295575494,Normal
1979-08-01,64.76,217.91,25474.66,71.49,20045.58,33.84,0.6931287833279454,103.14833403273187,2.6924149743263293,1.2076266509108522,-1.0108003323179182,-5.542590431738614,7.682075157964752,1752.8837817381134,0.9546539379474916,93.33032251456136,Normal
1979-09-01,68.31,222.26,25647.02,72.42,18557.3,34.21,1.9962369785691214,104.99191659762495,1.7873120125314612,1.2292107071091132,1.3008812421317684,5.481778875849286,5.612244897959173,1764.743686781807,1.0933806146572023,86.40103174861837,Normal
1979-10-01,69.06,230.37,23576.93,73.35,18016.01,34.49,3.648879690452622,108.32258077709614,3.172305342549131,1.2682050240419214,1.2841756420878037,1.0979358805445871,8.007507037847983,1622.3030344732679,0.8184741303712384,83.88083675930366,Normal
1979-11-01,69.47,244.88,20475.36,73.04,19284.81,34.81,6.29856318096973,116.7069112814896,7.740150247755406,1.3663659983523488,-0.42263122017721644,0.5936866492904702,8.377535101404066,1408.8873598018304,0.9278051609162175,89.78824942615968,Normal
1979-12-01,70.54,240.62,20638.59,73.46,18956.03,35.17,-1.7396275726886623,115.20018241219712,-1.291036539951207,1.3487257140441509,0.5750273822562768,1.5402331941845482,7.008495145631066,1420.1190394275097,1.034185578856639,88.25748087586891,Normal
1980-01-01,62.78,237.96,21325.71,74.18,20989.32,35.68,-1.1054775164159203,114.45689943380964,-0.6452098970884834,1.3400236022525607,0.9801252382249048,-11.000850581230514,7.962166809974214,1467.3990229133694,1.4500995166334851,97.72428659890772,Normal
1980-02-01,69.47,244.05,21105.32,74.81,20886.58,36.18,2.5592536560766543,118.02872610613555,3.1206739742163814,1.3818413700564132,0.8492855217039574,10.656259955399804,12.429195662728599,1452.234225555632,1.4013452914798163,97.24593888658681,Normal
1980-03-01,73.93,248.62,18863.16,75.22,21491.06,36.73,1.8725670969063746,121.40139058760967,2.8574946055431427,1.4213274126629387,0.5480550728512279,6.420037426227165,7.958528037383172,1297.9536227895135,1.5201768933112092,100.06034053291492,Normal
1980-04-01,72.78,251.67,19344.27,76.57,21644.91,37.15,1.226771780226854,122.10448609115842,0.5791494645535966,1.4295590227629293,1.7947354427014117,-1.5555254970918475,9.724106739032123,1331.0582811532377,1.1434794445956964,100.77665156601377,Normal
1980-05-01,70.05,228.35,21762.9,77.19,21917.56,37.51,-9.266102435729328,110.9652610441767,-9.122699258293931,1.2991446523964618,0.809716599190291,-3.7510305028854107,6.669712197350375,1497.4815936145326,0.9690444145356691,102.04608415083271,Normal
1980-06-01,71.37,218.05,23065.8,77.6,21942.98,37.93,-4.510619662798332,106.58036726804126,-3.951591457428971,1.2478077632927178,0.5311568856069426,1.884368308351192,4.986760812003532,1587.1327324021192,1.119701412956542,102.1644372640038,Normal
1980-07-01,71.62,220.95,23212.7,77.6,21844.6,37.93,1.329970190323304,107.9978543814433,1.329970190323304,1.264403234577051,0.0,0.3502872355331421,4.463243873979006,1597.2407624028076,0.0,101.70638929886722,Normal
1980-08-01,64.18,224.45,23469.09,77.4,22691.43,38.2,1.5840687938447617,110.77506459948319,2.5715420310397086,1.2969178951960256,-0.2577319587628746,-10.388159731918456,-0.8956145768993173,1614.882680795431,0.7118375955707856,105.64914959889376,Normal
1980-09-01,70.38,214.85,24187.39,78.74,22994.4,38.52,-4.277121853419463,105.10568961137923,-5.117916210297024,1.2305427240035451,1.7312661498707804,9.660330320972243,3.0303030303030276,1664.3081263331726,0.8376963350785305,107.05974923293962,Normal
1980-10-01,70.21,209.12,25148.89,78.85,23966.39,38.89,-2.666976960670231,103.14111350665821,-1.8691434421722497,1.207542115374705,0.1397002794005564,-0.24154589371980784,1.665218650448863,1730.467900639923,0.9605399792315561,111.58524264250562,Normal
1980-11-01,68.73,213.04,25390.95,79.05,25673.03,39.21,1.8745218056618107,105.67107400379507,2.4529117547034573,1.237162057865726,0.25364616360177283,-2.1079618287992985,-1.0652080034547207,1747.123787242827,0.8228336333247599,119.53119689357999,Normal
1980-12-01,71.12,209.78,25717.98,78.74,26755.97,39.58,-1.5302290649643169,105.44948437896876,-0.2096975231067999,1.2345677596735645,-0.39215686274509665,3.4773752364324118,0.8222285228239201,1769.6263675772382,0.9436368273399554,124.57326299812368,Normal
1981-01-01,62.95,202.0,26975.89,79.57,28315.81,39.9,-3.708647154161504,101.2919442000754,-3.9426842183047706,1.185892651448636,1.0541021082042246,-11.487626546681662,0.2707868748008879,1856.1817931603937,0.8084891359272373,131.83573034858765,Normal
1981-02-01,67.16,205.89,27207.4,79.47,29681.79,40.31,1.9257425742574164,104.43470366175916,3.1026746366681124,1.2226870419632438,-0.12567550584390297,6.687847498014277,-3.3251763351086816,1872.1117456822406,1.0275689223057771,138.19560389419922,Normal
1981-03-01,73.35,208.82,27544.58,79.78,30409.45,40.59,1.4230899995143043,106.24221358736526,1.7307560247982634,1.2438487716064504,0.39008430854410303,9.216795711733173,-0.7845259028811169,1895.3127365306545,0.6946167204167741,141.58351995753816,Normal
1981-04-01,71.04,215.14,27942.55,80.4,29692.78,40.86,3.0265300258595973,109.33607462686567,2.912082622371437,1.2800706755329823,0.7771371270995253,-3.1492842535787213,-2.39076669414674,1922.696621482144,0.6651884700665134,138.24677229363863,Normal
1981-05-01,67.74,220.66,28274.76,81.13,29395.22,41.18,2.56577112577856,112.00269690619993,2.4389226414380794,1.3112906090649656,0.9079601990049646,-4.645270270270285,-3.2976445396145637,1945.5556320099085,0.7831620166421915,136.86136110736052,Normal
1981-06-01,71.62,224.2,28439.68,81.23,29582.15,41.55,1.6042780748663166,114.68065985473345,2.3909807732364285,1.3426433154089639,0.12325896708986761,5.7277826985532965,0.3502872355331421,1956.9035987063924,0.8984944147644391,137.73168948836258,Normal
1981-07-01,72.61,231.96,28103.8,81.02,28866.92,42.01,3.4611953612845747,120.27449518637374,4.877749516549712,1.4081340932353117,-0.25852517542780395,1.3822954481988114,1.3822954481988114,1933.7920594509046,1.107099879663065,134.40164632812028,Normal
1981-08-01,66.41,233.69,28252.75,80.61,29265.14,42.33,0.7458182445249095,122.71551544473391,2.0295410548825332,1.4367127527653203,-0.5060478894100218,-8.538768764632977,3.4746026799625795,1944.0411477327461,0.7617233991906724,136.2557209436589,Normal
1981-09-01,73.19,230.02,28605.04,81.85,29715.2,42.74,-1.570456587787239,120.11062675626148,-2.122705249643486,1.4062155757400734,1.5382706860191053,10.209305827435621,3.9926115373685844,1968.2818413266361,0.9685802031656143,138.3511576908572,Normal
1981-10-01,73.11,231.37,29075.77,82.16,30247.87,42.83,0.5869054864794387,120.61315847127557,0.41839071911087267,1.4120990511996612,0.37874160048869676,-0.10930454980188076,4.130465745620282,2000.6722631253012,0.21057557323349574,140.83121877633496,Normal
1981-11-01,72.28,223.74,29582.49,82.06,31001.38,42.97,-3.2977481955309695,117.15949061662198,-2.8634254325377695,1.3716646478349857,-0.12171372930865898,-1.1352756120913687,5.165138949512582,2035.539117869676,0.3268736866682165,144.33948999213152,Normal
1981-12-01,73.52,218.94,29195.41,82.16,30074.51,43.11,-2.145347278090648,114.87954479065239,-1.9460188960962577,1.3449717945970445,0.12186205215696244,1.7155506364139317,3.3745781777277717,2008.9045620312395,0.3258087037468105,140.0240710304915,Normal
1982-01-01,64.68,224.59,29026.56,82.16,30097.36,43.25,2.5806156937973945,118.22684396299903,2.913746897627867,1.3841608685360856,0.0,-12.023939064200206,2.7482128673550488,1997.286176288447,0.3247506379030485,140.13045846699663,Normal
1982-02-01,68.64,235.17,28889.48,82.06,30060.76,43.38,4.710806358252806,124.31970021935169,5.1535303253629205,1.4554940186478997,-0.12171372930865898,6.122448979591821,2.2036926742108554,1987.8538498589417,0.3005780346820863,139.96005233237577,Normal
1982-03-01,75.83,240.72,28061.07,82.16,29943.51,43.34,2.3599948973083373,126.98155793573515,2.1411391048135053,1.4866581702493915,0.12186205215696244,10.474941724941722,3.3810497614178647,1930.8518544003302,-0.09220839096357736,139.4141474338978,Normal
1982-04-01,72.03,244.86,27803.09,82.78,31555.86,43.52,1.719840478564305,128.73045663203675,1.3772855875549217,1.5071336989644442,0.7546251217137367,-5.0112092839245665,1.3935810810810745,1913.100529828666,0.4153207198892561,146.92109637258417,Normal
1982-05-01,68.4,236.9,27534.08,83.09,30914.36,43.93,-3.250837213101365,125.2499338067156,-2.7037291068343516,1.4663848864666333,0.37448659096399606,-5.0395668471470145,0.9743135518157864,1894.5902428954796,0.9420955882352811,143.93433311140186,Normal
1982-06-01,72.44,251.04,26357.04,83.09,30671.37,44.48,5.968763191219928,134.38752196413526,7.295483422387017,1.5733647527671955,0.0,5.906432748537993,1.144931583356601,1813.599394481525,1.2519918051445478,142.80299467830022,Normal
1982-07-01,72.69,255.12,26539.83,82.58,31226.73,44.71,1.6252390057361454,138.12563816904822,2.781594712275859,1.6171293835349798,-0.6137922734384516,0.34511319712866584,0.11017766147913832,1826.1769765361591,0.5170863309352569,145.38869825543227,Normal
1982-08-01,66.33,258.82,25333.46,83.2,31232.45,44.81,1.450297899027908,139.39572355769232,0.9195145850400932,1.631999124075553,0.7507871155243429,-8.749484110606687,-0.12046378557445392,1743.167962567949,0.2236636099306688,145.41533003384845,Normal
1982-09-01,73.11,262.65,24917.89,84.44,30992.62,44.9,1.4797929062668969,139.6611203221222,0.1903908941080612,1.635106301799716,1.490384615384599,10.221619176843056,-0.10930454980188076,1714.5730406660705,0.20084802499440446,144.29870426155014,Normal
1982-10-01,70.13,271.4,23760.52,84.75,31711.48,45.03,3.3314296592423354,144.20226548672565,3.2515457087337607,1.68827253058912,0.3671245855044969,-4.07604978799071,-4.07604978799071,1634.9356636620107,0.2895322939866496,147.645648358095,Normal
1982-11-01,71.37,265.13,23911.22,83.92,34005.8,44.94,-2.310243183492988,141.9797688274547,-1.5412356052585952,1.66225227323388,-0.9793510324483723,1.7681448738058103,-1.2589928057553879,1645.3051675497147,-0.19986675549634736,158.3277850461633,Normal
1982-12-01,71.95,242.52,24269.37,83.82,33957.35,44.76,-8.527891977520452,129.50602720114532,-8.785576796838212,1.5162138232117286,-0.11916110581506878,0.8126663864368666,-2.1354733405875903,1669.9490814009498,-0.4005340453938633,158.10220643352997,Normal
1983-01-01,64.51,232.94,24584.44,83.92,33935.33,44.85,-3.9501896750783527,124.491885128694,-3.871744181190495,1.4575099027371226,0.11930326890958742,-10.340514246004162,-0.26283240568955035,1691.6287070804376,0.20107238605899802,157.9996833984384,Normal
1983-02-01,68.31,236.24,24853.95,83.61,34232.19,44.9,1.4166738215849684,126.86492046405932,1.9061767222114057,1.4852926172270238,-0.36939942802669545,5.890559603162293,-0.48076923076922906,1710.1733984724422,0.11148272017835748,159.3818354509943,Normal
1983-03-01,75.83,238.03,25103.33,84.13,34260.6,44.9,0.7577040298001991,127.03609889456794,0.13492967944366274,1.4872967177942487,0.6219351752182689,11.00863709559361,0.0,1727.3329663524394,0.0,159.51410972106473,Normal
1983-04-01,72.28,237.71,25471.71,84.44,34172.81,45.22,-0.13443683569297482,127.3004050213169,0.20805592193784417,1.4903911266924068,0.3684773564721189,-4.68152446261374,0.3470776065528147,1752.680795431088,0.7126948775055597,159.10536779324056,Normal
1983-05-01,69.88,234.74,25800.28,85.37,33930.6,45.49,-1.2494215640907025,125.08284643317326,-1.7419886352854186,1.4644286826441226,1.1013737565135129,-3.320420586607642,2.1637426900584567,1775.2893414986581,0.5970809376382169,157.9776609662866,Normal
1983-06-01,73.6,240.15,25978.41,84.86,33876.66,45.63,2.304677515549125,129.13085670516145,3.236263314611154,1.5118214508691779,-0.5973995548787636,5.323411562678881,1.6013252346769757,1787.5462739971101,0.3077599472411485,157.72652143346016,Normal
1983-07-01,74.26,240.5,26120.93,84.44,33372.38,45.81,0.14574224443055783,130.47495262908575,1.0408789643463923,1.5275576823297514,-0.4949328305444256,0.8967391304347982,2.15985692667493,1797.3529209385536,0.39447731755424265,155.37864149994644,Normal
1983-08-01,70.13,244.33,25560.45,84.23,32623.86,45.95,1.5925155925156087,133.28936839605842,2.1570544462840235,1.5605079332359986,-0.2486972998578807,-5.561540533261522,5.7289311020654266,1758.7868987820823,0.30561012879284366,151.89360325168428,Normal
1983-09-01,76.74,242.77,25855.87,85.27,33066.39,46.18,-0.6384807432570749,131.4778773308315,-1.359066433448941,1.5392995937240803,1.2347144722782755,9.425352916013118,4.965121050471888,1779.114429230028,0.5005440696409069,153.95398103184175,Normal
1983-10-01,75.09,233.01,25883.15,86.0,33273.03,46.32,-4.020266095481329,125.50026976744185,-4.546474041673543,1.4693157372718286,0.8561041397912472,-2.1501172791243084,7.072579495223175,1780.9915365031309,0.3031615417929956,154.91607730665189,Normal
1983-11-01,76.24,235.31,25702.69,85.48,33654.82,46.41,0.9870820994807072,127.75780416471687,1.798828322407875,1.4957462048994703,-0.6046511627906925,1.5314955386869,6.823595348185507,1768.5742792265878,0.19430051813471572,156.69365539782385,Normal
1983-12-01,78.14,234.41,25489.39,85.27,33747.78,46.46,-0.3824741829926537,127.72004925530668,-0.029551939826333307,1.4953041828810438,-0.24567150210575983,2.492130115424973,8.603196664350232,1753.8973370948875,0.10773540185304853,157.1264683561395,Normal
1984-01-01,70.13,233.94,25650.56,85.48,33887.79,46.73,-0.2005033914935339,127.88975432849789,0.13287269632349386,1.4972910338670757,0.24627653336461997,-10.250831840286667,8.711827623624234,1764.9872703502374,0.5811450710288435,157.778341659644,Normal
1984-02-01,76.41,233.68,26007.23,86.0,34818.18,46.96,-0.11113960844660875,127.60014883720932,-0.22644932958795216,1.493900428358903,0.6083294337856815,8.954798231855122,11.857707509881422,1789.5293470033716,0.49218917183821986,162.11014940800166,Normal
1984-03-01,82.85,225.4,26136.02,86.2,34974.74,47.05,-3.543307086614178,123.02865429234338,-3.5826717966435884,1.440378879042151,0.23255813953488857,8.428216202067794,9.257549782408002,1798.3912475056768,0.19165247018737563,162.8390779445109,Normal
1984-04-01,78.81,224.95,26313.7,86.41,34584.69,47.28,-0.19964507542148402,123.08339312579564,0.044492751519653595,1.4410197432377447,0.2436194895591548,-4.87628243814121,9.034311012728292,1810.6172159911926,0.48884165781084565,161.02304207541638,Normal
1984-05-01,77.4,230.66,26368.85,87.03,34712.81,47.42,2.538341853745285,125.6796185223486,2.109322249427703,1.4714154933005044,0.71750954750609,-1.789113056718683,10.761305094447637,1814.4120277988027,0.29610829103214886,161.61955666469566,Normal
1984-06-01,80.87,233.21,26183.74,86.41,34547.53,47.56,1.1055232810196935,128.35861127184356,2.131604774897178,1.502780256214275,-0.7123980236700023,4.483204134366914,9.877717391304364,1801.6748090552535,0.2952340784479146,160.8500286338177,Normal
1984-07-01,82.19,242.84,26082.53,86.62,34391.35,47.74,4.12932550062175,133.83954744862618,4.270018288975441,1.5669492479977365,0.24302742738109284,1.6322492889823126,10.678696471855641,1794.7106585013419,0.3784693019343921,160.12286934132908,Normal
1984-08-01,76.74,242.3,26377.67,85.89,34760.15,47.92,-0.22236863778619664,135.18472464780535,1.0050670559055286,1.582698138672121,-0.842761486954513,-6.63097700450177,9.425352916013118,1815.0189224523497,0.3770423125261768,161.83996722242657,Normal
1984-09-01,81.53,245.23,26442.05,87.24,34306.84,48.15,1.2092447379281834,135.3487448418157,0.12133041986632787,1.5846184329689885,1.571777855396439,6.241855616366965,6.241855616366965,1819.4488405697377,0.4799666110183676,159.72939878294633,Normal
1984-10-01,82.85,246.79,26695.35,87.86,34570.06,48.29,0.6361375035680794,135.6418062827225,0.21652320547880244,1.588049499594661,0.7106831728564966,1.6190359376916375,10.334265548009046,1836.878139406867,0.2907580477673921,160.9549261806212,Normal
1984-11-01,83.02,243.32,27071.93,87.34,34727.42,48.29,-1.4060537298918097,134.53083123425694,-0.8190506149335253,1.5750425704027822,-0.5918506715228755,0.2051901025950542,8.892969569779652,1862.7902016101289,0.0,161.6875794413845,Normal
1984-12-01,83.6,247.95,27260.35,87.55,34933.78,48.29,1.902843991451575,136.76191319246144,1.6584168385308962,1.6011633416043718,0.24043966109457138,0.6986268369067572,6.987458407985669,1875.7551778710522,0.0,162.64837206270576,Normal
1985-01-01,75.17,254.18,27505.82,87.86,34379.67,48.38,2.512603347449094,139.9639016617346,2.3412866890558215,1.6386511657913962,0.3540833809251964,-10.083732057416261,7.186653358049355,1892.645702883094,0.1863739904742312,160.06848836722057,Normal
1985-02-01,79.8,260.24,27197.46,87.45,34272.41,48.61,2.3841372255881677,144.65713436249285,3.3531736719521144,1.69359798525785,-0.4666514910084185,6.1593720899294935,4.4365920691008975,1871.4277850409412,0.4754030591153313,159.56909596286454,Normal
1985-03-01,86.16,258.63,27528.23,87.86,35493.01,48.79,-0.618659698739632,143.6211893922149,-0.7161381807011424,1.6814694834578332,0.468839336763871,7.969924812030071,3.995171997586011,1894.1877107273103,0.37029417815264143,165.25209399341657,Normal
1985-04-01,83.84,251.67,27828.38,88.38,35493.03,49.02,-2.6911031202876745,139.58885947046844,-2.8076149061365685,1.6342602955981336,0.5918506715228755,-2.692664809656442,6.382438776804977,1914.8407073556732,0.4714080754252947,165.2521871115229,Normal
1985-05-01,81.86,251.54,28273.5,88.48,35782.08,49.21,-0.051654944967616245,139.8992246835443,0.22234239483955864,1.6378939490772784,0.11314777098891948,-2.3616412213740556,5.762273901808768,1945.4689327736876,0.3875968992248069,166.597976543549,Normal
1985-06-01,83.43,248.99,28477.54,88.48,36087.3,49.35,-1.0137552675518746,138.874960443038,-0.7321443294794672,1.6259022014062219,0.0,1.917908624480824,3.1655743786323853,1959.508704328081,0.2844950213371167,168.01905196455925,Normal
1985-07-01,86.24,241.75,29046.47,88.69,37070.86,49.44,-2.9077472990883257,134.76288194835945,-2.9609934588353592,1.5777593435755235,0.2373417721518889,3.368093012105944,4.9276067648132305,1998.6561618385742,0.18237082066867583,172.59841419864887,Normal
1985-08-01,78.48,237.21,29408.42,88.48,37153.62,49.53,-1.877973112719744,132.78719823688968,-1.466044420322532,1.554628690752917,-0.23677979479084232,-8.998144712430411,2.2673964034402028,2023.561549576825,0.1820388349514701,172.98373692272597,Normal
1985-09-01,83.84,236.95,28527.36,88.59,38294.0,49.67,-0.10960752076220048,132.8514109944689,0.04835764172437251,1.5553804725253355,0.12432188065099048,6.829765545361877,2.833312890960382,1962.936764604693,0.2826569755703723,178.2932382287074,Normal
1985-10-01,84.01,214.73,27367.15,89.41,41656.73,49.85,-9.377505802912012,119.72140140923834,-9.883229306294083,1.4016586538403362,0.9256123715994935,0.20276717557252688,1.40012070006037,1883.103970274548,0.3623917857861869,193.949790717056,Normal
1985-11-01,83.68,203.72,27388.92,88.69,42850.7,49.99,-5.127369254412518,114.8265058067426,-4.088571921876971,1.3443508316788615,-0.805279051560226,-0.3928103797167015,0.7949891592387459,1884.6019404114775,0.2808425275827586,199.50880198900276,Normal
1985-12-01,84.84,202.82,27650.08,88.79,43185.42,50.12,-0.44178283919105166,114.48742425948866,-0.29529902078935244,1.3403809768369404,0.11275228323375242,1.386233269598458,1.483253588516753,1902.5720773412236,0.2600520104020676,201.06722661687954,Normal
1986-01-01,75.42,200.07,28114.98,89.1,43672.46,50.26,-1.3558820629129276,112.85654545454544,-1.4245047571747271,1.321287186057633,0.3491384164883371,-11.103253182461103,0.3325794864972753,1934.5613431500724,0.27932960893854997,203.33483874271937,Normal
1986-02-01,80.37,184.64,28780.0,89.0,45504.37,50.12,-7.712300694756835,103.97928988764043,-7.865964292235439,1.2173552078044572,-0.11223344556676729,6.56324582338903,0.714285714285734,1980.3206495561824,-0.278551532033422,211.86403825291814,Normal
1986-03-01,87.15,178.93,29060.78,89.0,44918.59,49.9,-3.092504332755619,100.32142696629214,-3.517876420680477,1.1745301559931784,0.0,8.435983575961181,1.149025069637899,1999.6408174499416,-0.438946528331996,209.1367020360274,Normal
1986-04-01,83.6,175.62,32288.17,89.21,46491.95,49.8,-1.8498854300564527,98.03694653065801,-2.277161026030561,1.1477842130419258,0.23595505617977075,-4.073436603557101,-0.2862595419847458,2221.7140301383056,-0.2004008016032066,216.4621172263841,Normal
1986-05-01,80.87,166.83,33613.84,89.52,45249.16,49.94,-5.0051247010591045,93.06847855227883,-5.067954637719618,1.0896150297860538,0.34749467548480517,-3.265550239234438,-1.2093818714879023,2312.931947980458,0.28112449799195804,210.67580465683653,Normal
1986-06-01,83.84,167.95,35032.9,89.0,46594.63,50.22,0.6713420847569207,94.76908988764043,1.827268868918197,1.1095252260163881,-0.5808757819481647,3.67256090021022,0.4914299412681178,2410.575930640611,0.560672807368845,216.94018558438594,Normal
1986-07-01,85.66,158.6,39482.1,88.79,47430.02,50.22,-5.567133075320029,89.704831625183,-5.343786954651231,1.0502345617299598,-0.23595505617977075,2.1708015267175584,-0.6725417439703119,2716.720566985481,0.0,220.8296823275802,Normal
1986-08-01,76.49,154.0,42331.38,88.59,48161.28,50.31,-2.9003783102143688,87.45614629190653,-2.506760552956877,1.0239076960229936,-0.22525059128281066,-10.705113238384312,-2.535677879714593,2912.7764398266013,0.17921146953405742,224.23435965006217,Normal
1986-09-01,85.17,154.72,42565.14,89.0,48086.7,50.54,0.467532467532461,87.86009887640449,0.46189158981424505,1.0286370395583846,0.46280618579974675,11.347888612890578,1.5863549618320594,2928.8612124131287,0.45716557344464004,223.8871222314823,Normal
1986-10-01,83.6,155.95,42728.74,89.1,47088.77,50.58,0.794984488107553,88.52919191919192,0.7615436942868259,1.0364705600702402,0.11235955056179137,-1.8433720793706754,-0.488037138435915,2940.1183513383335,0.0791452314998109,219.24085463798008,Normal
1986-11-01,82.19,162.64,43059.96,88.69,47824.61,50.63,4.289836486053211,92.84545270041718,4.875522624407425,1.087003916721787,-0.4601571268237903,-1.6866028708133918,-1.7805927342256278,2962.9092410376384,0.09885330170027462,222.66685600681626,Normal
1986-12-01,85.33,162.29,43293.86,88.48,48516.48,50.68,-0.2151992129857283,92.95724683544304,0.12040884262429774,1.0883127655571925,-0.23677979479084232,3.8204161090156896,0.5775577557755707,2979.003646872635,0.0987556784515009,225.88813721884154,Normal
1987-01-01,75.83,154.48,52552.36,88.17,49386.84,51.0,-4.812372912687168,89.35556311670635,-3.874559371484565,1.0461454413082336,-0.3503616636528095,-11.133247392476264,0.5436223813312102,3616.0710108030003,0.6314127861089203,229.94045097098908,Normal
1987-02-01,79.96,153.48,52781.35,88.17,49359.98,51.18,-0.6473329880890777,89.09046614494726,-0.2966765162823237,1.043041773457714,0.0,5.446393248054848,-0.5101405997262831,3631.827564852405,0.3529411764705781,229.81539335416076,Normal
1987-03-01,88.55,151.54,59371.15,88.48,48823.95,51.41,-1.2640083398488433,88.0500836347197,-1.1677820930186766,1.0308613184045703,0.35159351253259974,10.74287143571786,1.6064257028112428,4085.2645702883096,0.4493942946463436,227.31968842681613,Normal
1987-04-01,83.93,142.98,69610.06,89.31,46591.79,51.68,-5.648673617526723,82.73660732280818,-6.034606774429363,0.9686528914491563,0.9380650994575079,-5.217391304347818,0.39473684210526994,4789.792885157916,0.5251896518187138,216.92696281328426,Normal
1987-05-01,79.88,140.54,69882.75,89.52,45912.92,51.87,-1.706532382151349,81.43219168900804,-1.5765882551973531,0.9533812237289393,0.23513604299629787,-4.8254497795782285,-1.224186966736751,4808.556388908003,0.3676470588235281,213.76620837038658,Normal
1987-06-01,86.16,144.48,70118.59,89.31,45139.51,52.05,2.8034723210473844,84.2031575411488,3.4027892344137944,0.9858227773729101,-0.23458445040214215,7.861792689033553,2.767175572519065,4824.784284043212,0.3470213996529692,210.1652846387716,Normal
1987-07-01,89.05,150.21,70603.92,88.9,44318.34,52.19,3.9659468438538292,88.18290101237345,4.726358948332554,1.0324163004259752,-0.45907513156421276,3.3542246982358304,3.9575064207331367,4858.179316039359,0.26897214217098675,206.34199486919235,Normal
1987-08-01,80.21,147.56,71490.41,89.0,45914.53,52.46,-1.764196791159045,86.97750112359552,-1.3669315422145112,1.0183038763684884,0.11248593925758943,-9.927007299270073,4.863380834095965,4919.177733434253,0.517340486683282,213.77370437794778,Normal
1987-09-01,89.05,143.0,72867.48,89.73,45070.62,52.74,-3.0902683654106866,84.05015045135407,-3.3656412686329795,0.9840314208653412,0.8202247191011258,11.021069692058362,4.555594692967002,5013.932429642882,0.5337399923751374,209.8445393214484,Normal
1987-10-01,89.87,143.54,73784.55,89.73,46200.5,52.88,0.3776223776223775,84.59149894126824,0.644077954658151,0.9903693503140442,0.0,0.9208309938236958,7.500000000000018,5077.035023739078,0.26545316647705874,215.10515362159595,Normal
1987-11-01,89.13,135.25,78800.16,89.31,46779.16,52.92,-5.775393618503544,80.14141753443063,-5.260672127263399,0.9382692659451136,-0.4680708793045829,-0.8234115945254361,8.443849616741694,5422.153719121999,0.07564296520423675,217.79933979262603,Normal
1987-12-01,92.19,128.59,82175.87,89.21,45798.3,52.92,-4.92421441774491,76.28049321824909,-4.8176391620759595,0.8930668383432192,-0.111969544283963,3.4331874789633066,8.039376538146016,5654.432670474093,0.0,213.23254850289368,Normal
1988-01-01,82.26,127.56,84074.2,89.0,42954.42,53.06,-0.8009954117738527,76.04869213483147,-0.3038798959445699,0.8903529877641463,-0.23539961887679706,-10.771233322486163,8.479493604114484,5785.05470308952,0.2645502645502562,199.99171248853486,Normal
1988-02-01,89.83,129.16,84448.34,88.79,43063.99,53.2,1.254311696456556,77.38835454443067,1.7615850739734373,0.9060373131022761,-0.23595505617977075,9.202528567955248,12.343671835917958,5810.798871533751,0.26385224274405594,200.50186003417437,Normal
1988-03-01,98.8,127.28,85427.77,89.1,43186.0,53.43,-1.4555589965933646,76.32514478114479,-1.3738627336693954,0.8935896041044243,0.3491384164883371,9.985528219971052,11.575381140598529,5878.19238973371,0.4323308270676618,201.06992704196367,Normal
1988-04-01,93.12,124.93,87334.56,89.62,42730.05,53.7,-1.846323067253297,74.8576322249498,-1.92271178836666,0.8764084514466897,0.5836139169472565,-5.748987854251009,10.949600857857744,6009.396545792335,0.5053340819764163,198.94706701244527,Normal
1988-05-01,88.04,124.77,87691.95,89.62,41948.65,53.89,-0.12807172016330304,75.02628096407052,0.22529264432773477,0.8783829352220657,0.0,-5.4553264604811025,10.215322984476739,6033.988164866167,0.3538175046554848,195.30894259734336,Normal
1988-06-01,94.51,127.14,88002.19,89.52,41027.82,54.11,1.8994950709305236,76.84925603217158,2.429781997289804,0.8997257256493573,-0.11158223610802098,7.348932303498401,9.691272051996291,6055.335443473475,0.40823900538133895,191.02164530382112,Normal
1988-07-01,95.31,133.07,89181.79,89.31,43875.85,54.34,4.664149756174285,80.96544395924309,5.356184483228232,0.9479166953582008,-0.23458445040214215,0.8464712728811774,7.029758562605282,6136.502442716575,0.425060062834981,204.28180332524758,Normal
1988-08-01,87.74,133.63,90496.23,89.62,47778.65,54.57,0.420831141504463,81.36787659004686,0.49704245555222126,0.9526282437773985,0.34710558728026086,-7.942503409925516,9.387856875701296,6226.947636413679,0.42326094957674254,222.45287059842354,Normal
1988-09-01,97.2,134.44,91378.47,90.24,47787.97,54.94,0.6061513133278407,81.84988475177305,0.5923813941399292,0.9582714362488579,0.6918098638696524,10.78185548210624,9.152161706906249,6287.653615908622,0.6780282206340527,222.49626363598273,Normal
1988-10-01,95.41,129.02,92729.61,90.76,50204.33,55.12,-4.031538232668841,78.35591009255178,-4.268759412206236,0.9173651341195009,0.5762411347517871,-1.841563786008238,6.164459775230879,6380.624096882956,0.3276301419730565,233.7466070089999,Normal
1988-11-01,97.1,123.19,97360.05,90.35,48943.47,55.17,-4.51867927453109,75.22293635860544,-3.998388545606535,0.8806853116754788,-0.45174085500221395,1.7713027984487928,8.941994838999223,6699.239661460126,0.09071117561685327,227.87616223036488,Normal
1988-12-01,99.3,123.63,97869.29,90.14,47801.65,55.26,0.3571718483643238,75.7909230086532,0.7550710960551044,0.8873351119111431,-0.2324294410625316,2.2657054582904346,7.712333224861689,6734.279914676942,0.16313213703098572,222.55995642072625,Normal
1989-01-01,88.94,127.23,98374.59,89.93,48190.02,55.54,2.9119145838388816,78.57616145891248,3.674897124476617,0.9199437644232372,-0.23297093410250547,-10.43303121852971,8.120593240943341,6769.049060758274,0.5066956207021356,224.36817036888738,Normal
1989-02-01,93.42,127.77,98980.74,89.62,49372.83,55.77,0.42442820089600986,79.51052108904263,1.1891133554783329,0.930882938588884,-0.34471255420883695,5.037103665392406,3.996437715685186,6810.75758618317,0.4141159524666982,229.8752217374908,Normal
1989-03-01,108.36,130.36,99501.22,90.14,49854.25,56.09,2.0270799092118708,81.11706678500113,2.0205447957753364,0.9496918453593022,0.5802276277616647,15.992292870905578,9.676113360323878,6846.571251634212,0.5737851891697954,232.11666767544617,Normal
1989-04-01,98.1,132.08,100507.93,91.69,50303.49,56.45,1.3194231359312747,81.31656669211475,0.2459407311193651,0.9520275244271599,1.7195473707565911,-9.46843853820598,5.347938144329878,6915.841877107273,0.6418256373685205,234.2082865802841,Normal
1989-05-01,94.12,138.35,95856.45,92.21,54940.55,56.77,4.747122955784366,85.17654809673571,4.746857327653586,0.9972189127317096,0.5671283673246874,-4.057084607543315,6.905951840072699,6595.7785729030475,0.5668733392382608,255.7979988918946,Normal
1989-06-01,101.69,143.79,89591.47,92.11,60503.41,56.91,3.9320563787495377,88.84039626533492,4.30147528922884,1.0401140378423805,-0.1084481075805166,8.042923926901825,7.597079674108542,6164.69208009358,0.2466091245376001,281.69814834645524,Normal
1989-07-01,100.49,140.72,88994.18,92.0,63462.21,57.05,-2.1350580707976907,87.2616956521739,-1.7770076221249598,1.0216311321111298,-0.11942242970361949,-1.1800570360900764,5.434896653026966,6123.593201678937,0.24600246002459691,295.47404099990223,Normal
1989-08-01,93.22,141.11,88470.29,91.9,62363.85,57.14,0.2771461057418989,87.73694668117518,0.5446273137937219,1.0271952143028271,-0.10869565217390686,-7.234550701562337,6.245726008661956,6087.544897818757,0.1577563540753779,290.36018083536254,Normal
1989-09-01,101.39,145.05,86214.96,92.63,68417.5,57.32,2.7921479696690454,89.75781064449964,2.3033215079480973,1.0508548226024776,0.794341675734489,8.764213688049782,4.3106995884773625,5932.358081607377,0.3150157507875395,318.5454020607037,Normal
1989-10-01,100.29,141.93,84387.51,93.35,70808.69,57.6,-2.1509824198552296,87.57544724156402,-2.4313910814728112,1.025304432166494,0.7772859764655138,-1.0849196173192577,5.114767844041523,5806.613225073969,0.488485694347518,329.6785562968792,Normal
1989-11-01,100.69,143.52,84828.49,92.42,72559.75,57.74,1.120270555907843,89.66505951092837,2.386070908208393,1.0497689229429898,-0.9962506695232909,0.3988433542726044,3.6972193614830173,5836.956581572972,0.24305555555554914,337.8313258621573,Normal
1989-12-01,102.68,143.66,85071.75,92.52,74608.63,57.83,0.09754738015606002,89.79526372676179,0.1452117653672591,1.0512933109282723,0.10820168794631879,1.976363094646949,3.403826787512587,5853.695038877038,0.15587114651887113,347.3707171490961,Normal
1990-01-01,90.63,145.09,82891.99,92.94,75506.36,58.43,0.9954058192955584,91.21593178394664,1.5821191432855652,1.067926023652549,0.45395590142671693,-11.735488897545787,1.9001574094895446,5703.708112571389,1.0375237765865464,351.5504630297838,Normal
1990-02-01,96.41,145.53,81541.56,93.04,74173.52,58.7,0.30326004548899554,91.81654127257094,0.6584480110852775,1.0749577613151513,0.10759629868732912,6.37757916804591,3.200599443374008,5610.786485928576,0.4620913914085367,345.34488618639455,Normal
1990-03-01,109.35,153.08,74643.71,93.35,76303.03,59.02,5.187933759362329,96.78394858061063,5.410144228035341,1.133114526592761,0.33319002579534907,13.421844207032475,0.9136212624584639,5136.152893414987,0.545144804088582,355.2596831190841,Outlier
1990-04-01,100.99,158.47,74415.2,94.18,76283.21,59.11,3.5210347530702846,99.4602006795498,2.765181766385716,1.1644472028743718,0.8891269416175795,-7.645176040237766,2.9459734964322193,5120.429367646047,0.15249068112503927,355.1674030756911,Outlier
1990-05-01,97.7,153.52,74943.42,94.59,77028.37,59.25,-3.123619612544959,96.163019346654,-3.3150760911080157,1.1258448920583075,0.43533658950944965,-3.2577482919100786,3.8036549086272853,5156.77561411959,0.2368465572661238,358.6367974820864,Normal
1990-06-01,104.67,153.77,75263.41,94.28,77298.84,59.57,0.16284523189160627,97.15824034789988,1.0349311076207401,1.1374966110697782,-0.32773020403847886,7.134083930399182,2.93047497295702,5178.793779673846,0.5400843881856465,359.8960801933132,Outlier
1990-07-01,107.16,149.28,76479.32,94.08,77906.29,59.8,-2.9199453729596203,94.88673469387754,-2.337944415099147,1.1109025725793302,-0.21213406873143992,2.3789051304098585,6.6374763658075375,5262.459230716301,0.38610038610038533,362.72430987843427,Outlier
1990-08-01,97.7,147.42,77255.03,94.49,78908.84,60.35,-1.245980707395511,94.1559635940311,-0.7701509617798918,1.1023469457321728,0.4357993197278809,-8.827920865994765,4.805835657584212,5315.834996215509,0.919732441471588,367.39208775450345,Normal
1990-09-01,106.07,138.99,77520.17,95.22,80024.17,60.86,-5.718355718355705,88.83565847511028,-5.6505237861089626,1.0400585693581308,0.7725685257699233,8.567041965199573,4.615839826412849,5334.0789926374455,0.8450704225352101,372.58495863228126,Outlier
1990-10-01,108.06,129.73,78465.27,96.25,82852.2,61.22,-6.662349809338819,82.51501922077921,-7.114979911025221,0.9660586110854034,1.081705524049581,1.8761195436975742,7.74753215674544,5399.110300694971,0.5915215248110339,385.7519985473576,Outlier
1990-11-01,106.47,129.08,78941.1,96.05,83059.4,61.36,-0.5010406228320163,82.46068505986466,-0.0658476013550624,0.9654224846623196,-0.2077922077922123,-1.4714047751249293,5.74039130002979,5431.851647973578,0.22868343678537073,386.7167021291455,Outlier
1990-12-01,108.06,133.55,79706.96,95.94,83316.21,61.36,3.4629687015804045,85.41409214092141,3.5815941607963087,1.0,-0.11452368558042547,1.4933784164553376,5.239579275418782,5484.549645634074,0.0,387.9123851737352,Outlier
